item_index,prompt_template,prime_condition,prime_structure,prime_sentence,target_active,target_passive,agent_det,agent_noun,patient_det,patient_noun,verb_lemma,active_verb_form,passive_verb_form,message_role_order_json,prompt,sentence_stub,choice_target,quote_style,event_style,role_style,active_choice_logprob,passive_choice_logprob,passive_minus_active_logprob,chosen_structure,passive_choice_indicator
0,demo__there_was_event__responsible_affected__mary_answered,active,active,a minister discovers a mother .,a husband strikes a kid .,a kid is struck by a husband .,a,husband,a,kid,strike,strikes,struck,"[""event_style=there_was_event"", ""role_style=responsible_affected"", ""quote_style=mary_answered"", ""event=striking""]","A minister and a mother were involved in the same event.
There was a discovering event.
The responsible person was a minister.
The affected person was a mother.

Bridget asked, ""What happened?""
Mary answered, ""A minister discovers a mother.""

A husband and a kid were involved in the same event.
There was a striking event.
The responsible person was a husband.
The affected person was a kid.

Bridget asked, ""What happened?""
Mary answered, ""The","Mary answered, ""The",first_noun,mary_answered,there_was_event,responsible_affected,-2.6873984336853027,-6.258711814880371,-3.5713133811950684,active,0.0
0,demo__there_was_event__responsible_affected__mary_answered,passive,passive,a mother is discovered by a minister .,a husband strikes a kid .,a kid is struck by a husband .,a,husband,a,kid,strike,strikes,struck,"[""event_style=there_was_event"", ""role_style=responsible_affected"", ""quote_style=mary_answered"", ""event=striking""]","A minister and a mother were involved in the same event.
There was a discovering event.
The responsible person was a minister.
The affected person was a mother.

Bridget asked, ""What happened?""
Mary answered, ""A mother is discovered by a minister.""

A husband and a kid were involved in the same event.
There was a striking event.
The responsible person was a husband.
The affected person was a kid.

Bridget asked, ""What happened?""
Mary answered, ""The","Mary answered, ""The",first_noun,mary_answered,there_was_event,responsible_affected,-2.07682466506958,-4.67323112487793,-2.5964064598083496,active,0.0
0,demo__there_was_event__responsible_affected__mary_answered,no_demo,no_demo,,a husband strikes a kid .,a kid is struck by a husband .,a,husband,a,kid,strike,strikes,struck,"[""event_style=there_was_event"", ""role_style=responsible_affected"", ""quote_style=mary_answered"", ""event=striking""]","A husband and a kid were involved in the same event.
There was a striking event.
The responsible person was a husband.
The affected person was a kid.

Bridget asked, ""What happened?""
Mary answered, ""The","Mary answered, ""The",first_noun,mary_answered,there_was_event,responsible_affected,-1.9688260555267334,-2.7975823879241943,-0.8287563323974609,active,0.0
0,demo__there_was_event__responsible_affected__mary_answered,filler,filler,,a husband strikes a kid .,a kid is struck by a husband .,a,husband,a,kid,strike,strikes,struck,"[""event_style=there_was_event"", ""role_style=responsible_affected"", ""quote_style=mary_answered"", ""event=striking""]","In another scene, something unrelated happened.
Bridget asked, ""What happened?""
Mary answered, ""The lantern glowed near sunset.""

A husband and a kid were involved in the same event.
There was a striking event.
The responsible person was a husband.
The affected person was a kid.

Bridget asked, ""What happened?""
Mary answered, ""The","Mary answered, ""The",first_noun,mary_answered,there_was_event,responsible_affected,-3.575934886932373,-2.8497071266174316,0.7262277603149414,passive,1.0
0,demo__there_was_event__responsible_affected__said_mary,active,active,a minister discovers a mother .,a husband strikes a kid .,a kid is struck by a husband .,a,husband,a,kid,strike,strikes,struck,"[""event_style=there_was_event"", ""role_style=responsible_affected"", ""quote_style=said_mary"", ""event=striking""]","A minister and a mother were involved in the same event.
There was a discovering event.
The responsible person was a minister.
The affected person was a mother.

Bridget asked, ""What happened?""
""A minister discovers a mother."" said Mary.

A husband and a kid were involved in the same event.
There was a striking event.
The responsible person was a husband.
The affected person was a kid.

Bridget asked, ""What happened?""
""The","""The",first_noun,said_mary,there_was_event,responsible_affected,-2.5169758796691895,-6.729060649871826,-4.212084770202637,active,0.0
0,demo__there_was_event__responsible_affected__said_mary,passive,passive,a mother is discovered by a minister .,a husband strikes a kid .,a kid is struck by a husband .,a,husband,a,kid,strike,strikes,struck,"[""event_style=there_was_event"", ""role_style=responsible_affected"", ""quote_style=said_mary"", ""event=striking""]","A minister and a mother were involved in the same event.
There was a discovering event.
The responsible person was a minister.
The affected person was a mother.

Bridget asked, ""What happened?""
""A mother is discovered by a minister."" said Mary.

A husband and a kid were involved in the same event.
There was a striking event.
The responsible person was a husband.
The affected person was a kid.

Bridget asked, ""What happened?""
""The","""The",first_noun,said_mary,there_was_event,responsible_affected,-2.1093969345092773,-5.1684794425964355,-3.059082508087158,active,0.0
0,demo__there_was_event__responsible_affected__said_mary,no_demo,no_demo,,a husband strikes a kid .,a kid is struck by a husband .,a,husband,a,kid,strike,strikes,struck,"[""event_style=there_was_event"", ""role_style=responsible_affected"", ""quote_style=said_mary"", ""event=striking""]","A husband and a kid were involved in the same event.
There was a striking event.
The responsible person was a husband.
The affected person was a kid.

Bridget asked, ""What happened?""
""The","""The",first_noun,said_mary,there_was_event,responsible_affected,-2.2149746417999268,-2.9464056491851807,-0.7314310073852539,active,0.0
0,demo__there_was_event__responsible_affected__said_mary,filler,filler,,a husband strikes a kid .,a kid is struck by a husband .,a,husband,a,kid,strike,strikes,struck,"[""event_style=there_was_event"", ""role_style=responsible_affected"", ""quote_style=said_mary"", ""event=striking""]","In another scene, something unrelated happened.
Bridget asked, ""What happened?""
""The lantern glowed near sunset."" said Mary.

A husband and a kid were involved in the same event.
There was a striking event.
The responsible person was a husband.
The affected person was a kid.

Bridget asked, ""What happened?""
""The","""The",first_noun,said_mary,there_was_event,responsible_affected,-3.564500570297241,-2.9330432415008545,0.6314573287963867,passive,1.0
0,demo__there_was_event__did_to__mary_answered,active,active,a minister discovers a mother .,a husband strikes a kid .,a kid is struck by a husband .,a,husband,a,kid,strike,strikes,struck,"[""event_style=there_was_event"", ""role_style=did_to"", ""quote_style=mary_answered"", ""event=striking""]","A minister and a mother were involved in the same event.
There was a discovering event.
The one who did it was a minister.
The one it happened to was a mother.

Bridget asked, ""What happened?""
Mary answered, ""A minister discovers a mother.""

A husband and a kid were involved in the same event.
There was a striking event.
The one who did it was a husband.
The one it happened to was a kid.

Bridget asked, ""What happened?""
Mary answered, ""The","Mary answered, ""The",first_noun,mary_answered,there_was_event,did_to,-1.890716552734375,-4.62072229385376,-2.7300057411193848,active,0.0
0,demo__there_was_event__did_to__mary_answered,passive,passive,a mother is discovered by a minister .,a husband strikes a kid .,a kid is struck by a husband .,a,husband,a,kid,strike,strikes,struck,"[""event_style=there_was_event"", ""role_style=did_to"", ""quote_style=mary_answered"", ""event=striking""]","A minister and a mother were involved in the same event.
There was a discovering event.
The one who did it was a minister.
The one it happened to was a mother.

Bridget asked, ""What happened?""
Mary answered, ""A mother is discovered by a minister.""

A husband and a kid were involved in the same event.
There was a striking event.
The one who did it was a husband.
The one it happened to was a kid.

Bridget asked, ""What happened?""
Mary answered, ""The","Mary answered, ""The",first_noun,mary_answered,there_was_event,did_to,-1.436119556427002,-3.7200865745544434,-2.2839670181274414,active,0.0
0,demo__there_was_event__did_to__mary_answered,no_demo,no_demo,,a husband strikes a kid .,a kid is struck by a husband .,a,husband,a,kid,strike,strikes,struck,"[""event_style=there_was_event"", ""role_style=did_to"", ""quote_style=mary_answered"", ""event=striking""]","A husband and a kid were involved in the same event.
There was a striking event.
The one who did it was a husband.
The one it happened to was a kid.

Bridget asked, ""What happened?""
Mary answered, ""The","Mary answered, ""The",first_noun,mary_answered,there_was_event,did_to,-1.9097397327423096,-2.8265955448150635,-0.9168558120727539,active,0.0
0,demo__there_was_event__did_to__mary_answered,filler,filler,,a husband strikes a kid .,a kid is struck by a husband .,a,husband,a,kid,strike,strikes,struck,"[""event_style=there_was_event"", ""role_style=did_to"", ""quote_style=mary_answered"", ""event=striking""]","In another scene, something unrelated happened.
Bridget asked, ""What happened?""
Mary answered, ""The lantern glowed near sunset.""

A husband and a kid were involved in the same event.
There was a striking event.
The one who did it was a husband.
The one it happened to was a kid.

Bridget asked, ""What happened?""
Mary answered, ""The","Mary answered, ""The",first_noun,mary_answered,there_was_event,did_to,-3.999074697494507,-3.051142454147339,0.947932243347168,passive,1.0
0,demo__there_was_event__did_to__said_mary,active,active,a minister discovers a mother .,a husband strikes a kid .,a kid is struck by a husband .,a,husband,a,kid,strike,strikes,struck,"[""event_style=there_was_event"", ""role_style=did_to"", ""quote_style=said_mary"", ""event=striking""]","A minister and a mother were involved in the same event.
There was a discovering event.
The one who did it was a minister.
The one it happened to was a mother.

Bridget asked, ""What happened?""
""A minister discovers a mother."" said Mary.

A husband and a kid were involved in the same event.
There was a striking event.
The one who did it was a husband.
The one it happened to was a kid.

Bridget asked, ""What happened?""
""The","""The",first_noun,said_mary,there_was_event,did_to,-2.0079593658447266,-4.675987720489502,-2.6680283546447754,active,0.0
0,demo__there_was_event__did_to__said_mary,passive,passive,a mother is discovered by a minister .,a husband strikes a kid .,a kid is struck by a husband .,a,husband,a,kid,strike,strikes,struck,"[""event_style=there_was_event"", ""role_style=did_to"", ""quote_style=said_mary"", ""event=striking""]","A minister and a mother were involved in the same event.
There was a discovering event.
The one who did it was a minister.
The one it happened to was a mother.

Bridget asked, ""What happened?""
""A mother is discovered by a minister."" said Mary.

A husband and a kid were involved in the same event.
There was a striking event.
The one who did it was a husband.
The one it happened to was a kid.

Bridget asked, ""What happened?""
""The","""The",first_noun,said_mary,there_was_event,did_to,-1.6791725158691406,-3.6054086685180664,-1.9262361526489258,active,0.0
0,demo__there_was_event__did_to__said_mary,no_demo,no_demo,,a husband strikes a kid .,a kid is struck by a husband .,a,husband,a,kid,strike,strikes,struck,"[""event_style=there_was_event"", ""role_style=did_to"", ""quote_style=said_mary"", ""event=striking""]","A husband and a kid were involved in the same event.
There was a striking event.
The one who did it was a husband.
The one it happened to was a kid.

Bridget asked, ""What happened?""
""The","""The",first_noun,said_mary,there_was_event,did_to,-2.2719876766204834,-2.8185298442840576,-0.5465421676635742,active,0.0
0,demo__there_was_event__did_to__said_mary,filler,filler,,a husband strikes a kid .,a kid is struck by a husband .,a,husband,a,kid,strike,strikes,struck,"[""event_style=there_was_event"", ""role_style=did_to"", ""quote_style=said_mary"", ""event=striking""]","In another scene, something unrelated happened.
Bridget asked, ""What happened?""
""The lantern glowed near sunset."" said Mary.

A husband and a kid were involved in the same event.
There was a striking event.
The one who did it was a husband.
The one it happened to was a kid.

Bridget asked, ""What happened?""
""The","""The",first_noun,said_mary,there_was_event,did_to,-3.8423643112182617,-3.0478696823120117,0.79449462890625,passive,1.0
0,demo__involving_event__responsible_affected__mary_answered,active,active,a minister discovers a mother .,a husband strikes a kid .,a kid is struck by a husband .,a,husband,a,kid,strike,strikes,struck,"[""event_style=involving_event"", ""role_style=responsible_affected"", ""quote_style=mary_answered"", ""event=striking""]","There was a discovering event involving a minister and a mother.
The responsible person was a minister.
The affected person was a mother.

Bridget asked, ""What happened?""
Mary answered, ""A minister discovers a mother.""

There was a striking event involving a husband and a kid.
The responsible person was a husband.
The affected person was a kid.

Bridget asked, ""What happened?""
Mary answered, ""The","Mary answered, ""The",first_noun,mary_answered,involving_event,responsible_affected,-1.400734305381775,-4.082399845123291,-2.681665539741516,active,0.0
0,demo__involving_event__responsible_affected__mary_answered,passive,passive,a mother is discovered by a minister .,a husband strikes a kid .,a kid is struck by a husband .,a,husband,a,kid,strike,strikes,struck,"[""event_style=involving_event"", ""role_style=responsible_affected"", ""quote_style=mary_answered"", ""event=striking""]","There was a discovering event involving a minister and a mother.
The responsible person was a minister.
The affected person was a mother.

Bridget asked, ""What happened?""
Mary answered, ""A mother is discovered by a minister.""

There was a striking event involving a husband and a kid.
The responsible person was a husband.
The affected person was a kid.

Bridget asked, ""What happened?""
Mary answered, ""The","Mary answered, ""The",first_noun,mary_answered,involving_event,responsible_affected,-1.600966453552246,-2.46517276763916,-0.8642063140869141,active,0.0
0,demo__involving_event__responsible_affected__mary_answered,no_demo,no_demo,,a husband strikes a kid .,a kid is struck by a husband .,a,husband,a,kid,strike,strikes,struck,"[""event_style=involving_event"", ""role_style=responsible_affected"", ""quote_style=mary_answered"", ""event=striking""]","There was a striking event involving a husband and a kid.
The responsible person was a husband.
The affected person was a kid.

Bridget asked, ""What happened?""
Mary answered, ""The","Mary answered, ""The",first_noun,mary_answered,involving_event,responsible_affected,-2.0216567516326904,-2.0138862133026123,0.007770538330078125,passive,1.0
0,demo__involving_event__responsible_affected__mary_answered,filler,filler,,a husband strikes a kid .,a kid is struck by a husband .,a,husband,a,kid,strike,strikes,struck,"[""event_style=involving_event"", ""role_style=responsible_affected"", ""quote_style=mary_answered"", ""event=striking""]","In another scene, something unrelated happened.
Bridget asked, ""What happened?""
Mary answered, ""The lantern glowed near sunset.""

There was a striking event involving a husband and a kid.
The responsible person was a husband.
The affected person was a kid.

Bridget asked, ""What happened?""
Mary answered, ""The","Mary answered, ""The",first_noun,mary_answered,involving_event,responsible_affected,-2.9592080116271973,-1.6052087545394897,1.3539992570877075,passive,1.0
0,demo__involving_event__responsible_affected__said_mary,active,active,a minister discovers a mother .,a husband strikes a kid .,a kid is struck by a husband .,a,husband,a,kid,strike,strikes,struck,"[""event_style=involving_event"", ""role_style=responsible_affected"", ""quote_style=said_mary"", ""event=striking""]","There was a discovering event involving a minister and a mother.
The responsible person was a minister.
The affected person was a mother.

Bridget asked, ""What happened?""
""A minister discovers a mother."" said Mary.

There was a striking event involving a husband and a kid.
The responsible person was a husband.
The affected person was a kid.

Bridget asked, ""What happened?""
""The","""The",first_noun,said_mary,involving_event,responsible_affected,-1.2446154356002808,-5.128846645355225,-3.884231209754944,active,0.0
0,demo__involving_event__responsible_affected__said_mary,passive,passive,a mother is discovered by a minister .,a husband strikes a kid .,a kid is struck by a husband .,a,husband,a,kid,strike,strikes,struck,"[""event_style=involving_event"", ""role_style=responsible_affected"", ""quote_style=said_mary"", ""event=striking""]","There was a discovering event involving a minister and a mother.
The responsible person was a minister.
The affected person was a mother.

Bridget asked, ""What happened?""
""A mother is discovered by a minister."" said Mary.

There was a striking event involving a husband and a kid.
The responsible person was a husband.
The affected person was a kid.

Bridget asked, ""What happened?""
""The","""The",first_noun,said_mary,involving_event,responsible_affected,-1.333970069885254,-3.3737945556640625,-2.0398244857788086,active,0.0
0,demo__involving_event__responsible_affected__said_mary,no_demo,no_demo,,a husband strikes a kid .,a kid is struck by a husband .,a,husband,a,kid,strike,strikes,struck,"[""event_style=involving_event"", ""role_style=responsible_affected"", ""quote_style=said_mary"", ""event=striking""]","There was a striking event involving a husband and a kid.
The responsible person was a husband.
The affected person was a kid.

Bridget asked, ""What happened?""
""The","""The",first_noun,said_mary,involving_event,responsible_affected,-2.113393545150757,-2.1826817989349365,-0.06928825378417969,active,0.0
0,demo__involving_event__responsible_affected__said_mary,filler,filler,,a husband strikes a kid .,a kid is struck by a husband .,a,husband,a,kid,strike,strikes,struck,"[""event_style=involving_event"", ""role_style=responsible_affected"", ""quote_style=said_mary"", ""event=striking""]","In another scene, something unrelated happened.
Bridget asked, ""What happened?""
""The lantern glowed near sunset."" said Mary.

There was a striking event involving a husband and a kid.
The responsible person was a husband.
The affected person was a kid.

Bridget asked, ""What happened?""
""The","""The",first_noun,said_mary,involving_event,responsible_affected,-2.861423969268799,-1.623130440711975,1.2382935285568237,passive,1.0
0,demo__involving_event__did_to__mary_answered,active,active,a minister discovers a mother .,a husband strikes a kid .,a kid is struck by a husband .,a,husband,a,kid,strike,strikes,struck,"[""event_style=involving_event"", ""role_style=did_to"", ""quote_style=mary_answered"", ""event=striking""]","There was a discovering event involving a minister and a mother.
The one who did it was a minister.
The one it happened to was a mother.

Bridget asked, ""What happened?""
Mary answered, ""A minister discovers a mother.""

There was a striking event involving a husband and a kid.
The one who did it was a husband.
The one it happened to was a kid.

Bridget asked, ""What happened?""
Mary answered, ""The","Mary answered, ""The",first_noun,mary_answered,involving_event,did_to,-0.9947270154953003,-2.861006736755371,-1.8662797212600708,active,0.0
0,demo__involving_event__did_to__mary_answered,passive,passive,a mother is discovered by a minister .,a husband strikes a kid .,a kid is struck by a husband .,a,husband,a,kid,strike,strikes,struck,"[""event_style=involving_event"", ""role_style=did_to"", ""quote_style=mary_answered"", ""event=striking""]","There was a discovering event involving a minister and a mother.
The one who did it was a minister.
The one it happened to was a mother.

Bridget asked, ""What happened?""
Mary answered, ""A mother is discovered by a minister.""

There was a striking event involving a husband and a kid.
The one who did it was a husband.
The one it happened to was a kid.

Bridget asked, ""What happened?""
Mary answered, ""The","Mary answered, ""The",first_noun,mary_answered,involving_event,did_to,-1.2664474248886108,-1.8108571767807007,-0.5444097518920898,active,0.0
0,demo__involving_event__did_to__mary_answered,no_demo,no_demo,,a husband strikes a kid .,a kid is struck by a husband .,a,husband,a,kid,strike,strikes,struck,"[""event_style=involving_event"", ""role_style=did_to"", ""quote_style=mary_answered"", ""event=striking""]","There was a striking event involving a husband and a kid.
The one who did it was a husband.
The one it happened to was a kid.

Bridget asked, ""What happened?""
Mary answered, ""The","Mary answered, ""The",first_noun,mary_answered,involving_event,did_to,-1.798249363899231,-1.9223824739456177,-0.12413311004638672,active,0.0
0,demo__involving_event__did_to__mary_answered,filler,filler,,a husband strikes a kid .,a kid is struck by a husband .,a,husband,a,kid,strike,strikes,struck,"[""event_style=involving_event"", ""role_style=did_to"", ""quote_style=mary_answered"", ""event=striking""]","In another scene, something unrelated happened.
Bridget asked, ""What happened?""
Mary answered, ""The lantern glowed near sunset.""

There was a striking event involving a husband and a kid.
The one who did it was a husband.
The one it happened to was a kid.

Bridget asked, ""What happened?""
Mary answered, ""The","Mary answered, ""The",first_noun,mary_answered,involving_event,did_to,-3.5159215927124023,-1.698628306388855,1.8172932863235474,passive,1.0
0,demo__involving_event__did_to__said_mary,active,active,a minister discovers a mother .,a husband strikes a kid .,a kid is struck by a husband .,a,husband,a,kid,strike,strikes,struck,"[""event_style=involving_event"", ""role_style=did_to"", ""quote_style=said_mary"", ""event=striking""]","There was a discovering event involving a minister and a mother.
The one who did it was a minister.
The one it happened to was a mother.

Bridget asked, ""What happened?""
""A minister discovers a mother."" said Mary.

There was a striking event involving a husband and a kid.
The one who did it was a husband.
The one it happened to was a kid.

Bridget asked, ""What happened?""
""The","""The",first_noun,said_mary,involving_event,did_to,-0.9246245622634888,-3.0711631774902344,-2.1465386152267456,active,0.0
0,demo__involving_event__did_to__said_mary,passive,passive,a mother is discovered by a minister .,a husband strikes a kid .,a kid is struck by a husband .,a,husband,a,kid,strike,strikes,struck,"[""event_style=involving_event"", ""role_style=did_to"", ""quote_style=said_mary"", ""event=striking""]","There was a discovering event involving a minister and a mother.
The one who did it was a minister.
The one it happened to was a mother.

Bridget asked, ""What happened?""
""A mother is discovered by a minister."" said Mary.

There was a striking event involving a husband and a kid.
The one who did it was a husband.
The one it happened to was a kid.

Bridget asked, ""What happened?""
""The","""The",first_noun,said_mary,involving_event,did_to,-1.2838915586471558,-1.9573734998703003,-0.6734819412231445,active,0.0
0,demo__involving_event__did_to__said_mary,no_demo,no_demo,,a husband strikes a kid .,a kid is struck by a husband .,a,husband,a,kid,strike,strikes,struck,"[""event_style=involving_event"", ""role_style=did_to"", ""quote_style=said_mary"", ""event=striking""]","There was a striking event involving a husband and a kid.
The one who did it was a husband.
The one it happened to was a kid.

Bridget asked, ""What happened?""
""The","""The",first_noun,said_mary,involving_event,did_to,-1.8932231664657593,-1.9658950567245483,-0.07267189025878906,active,0.0
0,demo__involving_event__did_to__said_mary,filler,filler,,a husband strikes a kid .,a kid is struck by a husband .,a,husband,a,kid,strike,strikes,struck,"[""event_style=involving_event"", ""role_style=did_to"", ""quote_style=said_mary"", ""event=striking""]","In another scene, something unrelated happened.
Bridget asked, ""What happened?""
""The lantern glowed near sunset."" said Mary.

There was a striking event involving a husband and a kid.
The one who did it was a husband.
The one it happened to was a kid.

Bridget asked, ""What happened?""
""The","""The",first_noun,said_mary,involving_event,did_to,-3.370488166809082,-1.6398953199386597,1.7305928468704224,passive,1.0
1,demo__there_was_event__responsible_affected__mary_answered,active,active,a bishop kisses a boy .,a lady asks a lawyer .,a lawyer is asked by a lady .,a,lady,a,lawyer,ask,asks,asked,"[""event_style=there_was_event"", ""role_style=responsible_affected"", ""quote_style=mary_answered"", ""event=asking""]","A bishop and a boy were involved in the same event.
There was a kissing event.
The responsible person was a bishop.
The affected person was a boy.

Bridget asked, ""What happened?""
Mary answered, ""A bishop kisses a boy.""

A lady and a lawyer were involved in the same event.
There was a asking event.
The responsible person was a lady.
The affected person was a lawyer.

Bridget asked, ""What happened?""
Mary answered, ""The","Mary answered, ""The",first_noun,mary_answered,there_was_event,responsible_affected,-3.1610968112945557,-2.2366535663604736,0.924443244934082,passive,1.0
1,demo__there_was_event__responsible_affected__mary_answered,passive,passive,a boy is kissed by a bishop .,a lady asks a lawyer .,a lawyer is asked by a lady .,a,lady,a,lawyer,ask,asks,asked,"[""event_style=there_was_event"", ""role_style=responsible_affected"", ""quote_style=mary_answered"", ""event=asking""]","A bishop and a boy were involved in the same event.
There was a kissing event.
The responsible person was a bishop.
The affected person was a boy.

Bridget asked, ""What happened?""
Mary answered, ""A boy is kissed by a bishop.""

A lady and a lawyer were involved in the same event.
There was a asking event.
The responsible person was a lady.
The affected person was a lawyer.

Bridget asked, ""What happened?""
Mary answered, ""The","Mary answered, ""The",first_noun,mary_answered,there_was_event,responsible_affected,-3.0662150382995605,-1.4709924459457397,1.5952225923538208,passive,1.0
1,demo__there_was_event__responsible_affected__mary_answered,no_demo,no_demo,,a lady asks a lawyer .,a lawyer is asked by a lady .,a,lady,a,lawyer,ask,asks,asked,"[""event_style=there_was_event"", ""role_style=responsible_affected"", ""quote_style=mary_answered"", ""event=asking""]","A lady and a lawyer were involved in the same event.
There was a asking event.
The responsible person was a lady.
The affected person was a lawyer.

Bridget asked, ""What happened?""
Mary answered, ""The","Mary answered, ""The",first_noun,mary_answered,there_was_event,responsible_affected,-1.5952256917953491,-2.392164707183838,-0.7969390153884888,active,0.0
1,demo__there_was_event__responsible_affected__mary_answered,filler,filler,,a lady asks a lawyer .,a lawyer is asked by a lady .,a,lady,a,lawyer,ask,asks,asked,"[""event_style=there_was_event"", ""role_style=responsible_affected"", ""quote_style=mary_answered"", ""event=asking""]","In another scene, something unrelated happened.
Bridget asked, ""What happened?""
Mary answered, ""The traveler rested beside the river.""

A lady and a lawyer were involved in the same event.
There was a asking event.
The responsible person was a lady.
The affected person was a lawyer.

Bridget asked, ""What happened?""
Mary answered, ""The","Mary answered, ""The",first_noun,mary_answered,there_was_event,responsible_affected,-4.302505970001221,-3.3078086376190186,0.9946973323822021,passive,1.0
1,demo__there_was_event__responsible_affected__said_mary,active,active,a bishop kisses a boy .,a lady asks a lawyer .,a lawyer is asked by a lady .,a,lady,a,lawyer,ask,asks,asked,"[""event_style=there_was_event"", ""role_style=responsible_affected"", ""quote_style=said_mary"", ""event=asking""]","A bishop and a boy were involved in the same event.
There was a kissing event.
The responsible person was a bishop.
The affected person was a boy.

Bridget asked, ""What happened?""
""A bishop kisses a boy."" said Mary.

A lady and a lawyer were involved in the same event.
There was a asking event.
The responsible person was a lady.
The affected person was a lawyer.

Bridget asked, ""What happened?""
""The","""The",first_noun,said_mary,there_was_event,responsible_affected,-2.939326763153076,-2.5966830253601074,0.34264373779296875,passive,1.0
1,demo__there_was_event__responsible_affected__said_mary,passive,passive,a boy is kissed by a bishop .,a lady asks a lawyer .,a lawyer is asked by a lady .,a,lady,a,lawyer,ask,asks,asked,"[""event_style=there_was_event"", ""role_style=responsible_affected"", ""quote_style=said_mary"", ""event=asking""]","A bishop and a boy were involved in the same event.
There was a kissing event.
The responsible person was a bishop.
The affected person was a boy.

Bridget asked, ""What happened?""
""A boy is kissed by a bishop."" said Mary.

A lady and a lawyer were involved in the same event.
There was a asking event.
The responsible person was a lady.
The affected person was a lawyer.

Bridget asked, ""What happened?""
""The","""The",first_noun,said_mary,there_was_event,responsible_affected,-2.865231513977051,-1.9688396453857422,0.8963918685913086,passive,1.0
1,demo__there_was_event__responsible_affected__said_mary,no_demo,no_demo,,a lady asks a lawyer .,a lawyer is asked by a lady .,a,lady,a,lawyer,ask,asks,asked,"[""event_style=there_was_event"", ""role_style=responsible_affected"", ""quote_style=said_mary"", ""event=asking""]","A lady and a lawyer were involved in the same event.
There was a asking event.
The responsible person was a lady.
The affected person was a lawyer.

Bridget asked, ""What happened?""
""The","""The",first_noun,said_mary,there_was_event,responsible_affected,-1.6955159902572632,-2.890378475189209,-1.1948624849319458,active,0.0
1,demo__there_was_event__responsible_affected__said_mary,filler,filler,,a lady asks a lawyer .,a lawyer is asked by a lady .,a,lady,a,lawyer,ask,asks,asked,"[""event_style=there_was_event"", ""role_style=responsible_affected"", ""quote_style=said_mary"", ""event=asking""]","In another scene, something unrelated happened.
Bridget asked, ""What happened?""
""The traveler rested beside the river."" said Mary.

A lady and a lawyer were involved in the same event.
There was a asking event.
The responsible person was a lady.
The affected person was a lawyer.

Bridget asked, ""What happened?""
""The","""The",first_noun,said_mary,there_was_event,responsible_affected,-4.127913951873779,-4.034331798553467,0.0935821533203125,passive,1.0
1,demo__there_was_event__did_to__mary_answered,active,active,a bishop kisses a boy .,a lady asks a lawyer .,a lawyer is asked by a lady .,a,lady,a,lawyer,ask,asks,asked,"[""event_style=there_was_event"", ""role_style=did_to"", ""quote_style=mary_answered"", ""event=asking""]","A bishop and a boy were involved in the same event.
There was a kissing event.
The one who did it was a bishop.
The one it happened to was a boy.

Bridget asked, ""What happened?""
Mary answered, ""A bishop kisses a boy.""

A lady and a lawyer were involved in the same event.
There was a asking event.
The one who did it was a lady.
The one it happened to was a lawyer.

Bridget asked, ""What happened?""
Mary answered, ""The","Mary answered, ""The",first_noun,mary_answered,there_was_event,did_to,-3.1937754154205322,-1.8745901584625244,1.3191852569580078,passive,1.0
1,demo__there_was_event__did_to__mary_answered,passive,passive,a boy is kissed by a bishop .,a lady asks a lawyer .,a lawyer is asked by a lady .,a,lady,a,lawyer,ask,asks,asked,"[""event_style=there_was_event"", ""role_style=did_to"", ""quote_style=mary_answered"", ""event=asking""]","A bishop and a boy were involved in the same event.
There was a kissing event.
The one who did it was a bishop.
The one it happened to was a boy.

Bridget asked, ""What happened?""
Mary answered, ""A boy is kissed by a bishop.""

A lady and a lawyer were involved in the same event.
There was a asking event.
The one who did it was a lady.
The one it happened to was a lawyer.

Bridget asked, ""What happened?""
Mary answered, ""The","Mary answered, ""The",first_noun,mary_answered,there_was_event,did_to,-3.268676280975342,-1.5469393730163574,1.7217369079589844,passive,1.0
1,demo__there_was_event__did_to__mary_answered,no_demo,no_demo,,a lady asks a lawyer .,a lawyer is asked by a lady .,a,lady,a,lawyer,ask,asks,asked,"[""event_style=there_was_event"", ""role_style=did_to"", ""quote_style=mary_answered"", ""event=asking""]","A lady and a lawyer were involved in the same event.
There was a asking event.
The one who did it was a lady.
The one it happened to was a lawyer.

Bridget asked, ""What happened?""
Mary answered, ""The","Mary answered, ""The",first_noun,mary_answered,there_was_event,did_to,-1.5004762411117554,-2.199225902557373,-0.6987496614456177,active,0.0
1,demo__there_was_event__did_to__mary_answered,filler,filler,,a lady asks a lawyer .,a lawyer is asked by a lady .,a,lady,a,lawyer,ask,asks,asked,"[""event_style=there_was_event"", ""role_style=did_to"", ""quote_style=mary_answered"", ""event=asking""]","In another scene, something unrelated happened.
Bridget asked, ""What happened?""
Mary answered, ""The traveler rested beside the river.""

A lady and a lawyer were involved in the same event.
There was a asking event.
The one who did it was a lady.
The one it happened to was a lawyer.

Bridget asked, ""What happened?""
Mary answered, ""The","Mary answered, ""The",first_noun,mary_answered,there_was_event,did_to,-4.377304553985596,-3.412764072418213,0.9645404815673828,passive,1.0
1,demo__there_was_event__did_to__said_mary,active,active,a bishop kisses a boy .,a lady asks a lawyer .,a lawyer is asked by a lady .,a,lady,a,lawyer,ask,asks,asked,"[""event_style=there_was_event"", ""role_style=did_to"", ""quote_style=said_mary"", ""event=asking""]","A bishop and a boy were involved in the same event.
There was a kissing event.
The one who did it was a bishop.
The one it happened to was a boy.

Bridget asked, ""What happened?""
""A bishop kisses a boy."" said Mary.

A lady and a lawyer were involved in the same event.
There was a asking event.
The one who did it was a lady.
The one it happened to was a lawyer.

Bridget asked, ""What happened?""
""The","""The",first_noun,said_mary,there_was_event,did_to,-3.1044135093688965,-2.0326199531555176,1.071793556213379,passive,1.0
1,demo__there_was_event__did_to__said_mary,passive,passive,a boy is kissed by a bishop .,a lady asks a lawyer .,a lawyer is asked by a lady .,a,lady,a,lawyer,ask,asks,asked,"[""event_style=there_was_event"", ""role_style=did_to"", ""quote_style=said_mary"", ""event=asking""]","A bishop and a boy were involved in the same event.
There was a kissing event.
The one who did it was a bishop.
The one it happened to was a boy.

Bridget asked, ""What happened?""
""A boy is kissed by a bishop."" said Mary.

A lady and a lawyer were involved in the same event.
There was a asking event.
The one who did it was a lady.
The one it happened to was a lawyer.

Bridget asked, ""What happened?""
""The","""The",first_noun,said_mary,there_was_event,did_to,-3.1608633995056152,-1.7541565895080566,1.4067068099975586,passive,1.0
1,demo__there_was_event__did_to__said_mary,no_demo,no_demo,,a lady asks a lawyer .,a lawyer is asked by a lady .,a,lady,a,lawyer,ask,asks,asked,"[""event_style=there_was_event"", ""role_style=did_to"", ""quote_style=said_mary"", ""event=asking""]","A lady and a lawyer were involved in the same event.
There was a asking event.
The one who did it was a lady.
The one it happened to was a lawyer.

Bridget asked, ""What happened?""
""The","""The",first_noun,said_mary,there_was_event,did_to,-1.546708106994629,-2.6322460174560547,-1.0855379104614258,active,0.0
1,demo__there_was_event__did_to__said_mary,filler,filler,,a lady asks a lawyer .,a lawyer is asked by a lady .,a,lady,a,lawyer,ask,asks,asked,"[""event_style=there_was_event"", ""role_style=did_to"", ""quote_style=said_mary"", ""event=asking""]","In another scene, something unrelated happened.
Bridget asked, ""What happened?""
""The traveler rested beside the river."" said Mary.

A lady and a lawyer were involved in the same event.
There was a asking event.
The one who did it was a lady.
The one it happened to was a lawyer.

Bridget asked, ""What happened?""
""The","""The",first_noun,said_mary,there_was_event,did_to,-4.331275463104248,-4.192897319793701,0.13837814331054688,passive,1.0
1,demo__involving_event__responsible_affected__mary_answered,active,active,a bishop kisses a boy .,a lady asks a lawyer .,a lawyer is asked by a lady .,a,lady,a,lawyer,ask,asks,asked,"[""event_style=involving_event"", ""role_style=responsible_affected"", ""quote_style=mary_answered"", ""event=asking""]","There was a kissing event involving a bishop and a boy.
The responsible person was a bishop.
The affected person was a boy.

Bridget asked, ""What happened?""
Mary answered, ""A bishop kisses a boy.""

There was a asking event involving a lady and a lawyer.
The responsible person was a lady.
The affected person was a lawyer.

Bridget asked, ""What happened?""
Mary answered, ""The","Mary answered, ""The",first_noun,mary_answered,involving_event,responsible_affected,-1.4031368494033813,-0.7870422601699829,0.6160945892333984,passive,1.0
1,demo__involving_event__responsible_affected__mary_answered,passive,passive,a boy is kissed by a bishop .,a lady asks a lawyer .,a lawyer is asked by a lady .,a,lady,a,lawyer,ask,asks,asked,"[""event_style=involving_event"", ""role_style=responsible_affected"", ""quote_style=mary_answered"", ""event=asking""]","There was a kissing event involving a bishop and a boy.
The responsible person was a bishop.
The affected person was a boy.

Bridget asked, ""What happened?""
Mary answered, ""A boy is kissed by a bishop.""

There was a asking event involving a lady and a lawyer.
The responsible person was a lady.
The affected person was a lawyer.

Bridget asked, ""What happened?""
Mary answered, ""The","Mary answered, ""The",first_noun,mary_answered,involving_event,responsible_affected,-2.04872465133667,-0.5360502004623413,1.5126744508743286,passive,1.0
1,demo__involving_event__responsible_affected__mary_answered,no_demo,no_demo,,a lady asks a lawyer .,a lawyer is asked by a lady .,a,lady,a,lawyer,ask,asks,asked,"[""event_style=involving_event"", ""role_style=responsible_affected"", ""quote_style=mary_answered"", ""event=asking""]","There was a asking event involving a lady and a lawyer.
The responsible person was a lady.
The affected person was a lawyer.

Bridget asked, ""What happened?""
Mary answered, ""The","Mary answered, ""The",first_noun,mary_answered,involving_event,responsible_affected,-1.4568485021591187,-1.5861839056015015,-0.1293354034423828,active,0.0
1,demo__involving_event__responsible_affected__mary_answered,filler,filler,,a lady asks a lawyer .,a lawyer is asked by a lady .,a,lady,a,lawyer,ask,asks,asked,"[""event_style=involving_event"", ""role_style=responsible_affected"", ""quote_style=mary_answered"", ""event=asking""]","In another scene, something unrelated happened.
Bridget asked, ""What happened?""
Mary answered, ""The traveler rested beside the river.""

There was a asking event involving a lady and a lawyer.
The responsible person was a lady.
The affected person was a lawyer.

Bridget asked, ""What happened?""
Mary answered, ""The","Mary answered, ""The",first_noun,mary_answered,involving_event,responsible_affected,-3.192026376724243,-1.4011919498443604,1.7908344268798828,passive,1.0
1,demo__involving_event__responsible_affected__said_mary,active,active,a bishop kisses a boy .,a lady asks a lawyer .,a lawyer is asked by a lady .,a,lady,a,lawyer,ask,asks,asked,"[""event_style=involving_event"", ""role_style=responsible_affected"", ""quote_style=said_mary"", ""event=asking""]","There was a kissing event involving a bishop and a boy.
The responsible person was a bishop.
The affected person was a boy.

Bridget asked, ""What happened?""
""A bishop kisses a boy."" said Mary.

There was a asking event involving a lady and a lawyer.
The responsible person was a lady.
The affected person was a lawyer.

Bridget asked, ""What happened?""
""The","""The",first_noun,said_mary,involving_event,responsible_affected,-1.2632039785385132,-1.0449174642562866,0.21828651428222656,passive,1.0
1,demo__involving_event__responsible_affected__said_mary,passive,passive,a boy is kissed by a bishop .,a lady asks a lawyer .,a lawyer is asked by a lady .,a,lady,a,lawyer,ask,asks,asked,"[""event_style=involving_event"", ""role_style=responsible_affected"", ""quote_style=said_mary"", ""event=asking""]","There was a kissing event involving a bishop and a boy.
The responsible person was a bishop.
The affected person was a boy.

Bridget asked, ""What happened?""
""A boy is kissed by a bishop."" said Mary.

There was a asking event involving a lady and a lawyer.
The responsible person was a lady.
The affected person was a lawyer.

Bridget asked, ""What happened?""
""The","""The",first_noun,said_mary,involving_event,responsible_affected,-1.701974630355835,-0.7692229747772217,0.9327516555786133,passive,1.0
1,demo__involving_event__responsible_affected__said_mary,no_demo,no_demo,,a lady asks a lawyer .,a lawyer is asked by a lady .,a,lady,a,lawyer,ask,asks,asked,"[""event_style=involving_event"", ""role_style=responsible_affected"", ""quote_style=said_mary"", ""event=asking""]","There was a asking event involving a lady and a lawyer.
The responsible person was a lady.
The affected person was a lawyer.

Bridget asked, ""What happened?""
""The","""The",first_noun,said_mary,involving_event,responsible_affected,-1.424224853515625,-2.070815086364746,-0.6465902328491211,active,0.0
1,demo__involving_event__responsible_affected__said_mary,filler,filler,,a lady asks a lawyer .,a lawyer is asked by a lady .,a,lady,a,lawyer,ask,asks,asked,"[""event_style=involving_event"", ""role_style=responsible_affected"", ""quote_style=said_mary"", ""event=asking""]","In another scene, something unrelated happened.
Bridget asked, ""What happened?""
""The traveler rested beside the river."" said Mary.

There was a asking event involving a lady and a lawyer.
The responsible person was a lady.
The affected person was a lawyer.

Bridget asked, ""What happened?""
""The","""The",first_noun,said_mary,involving_event,responsible_affected,-3.1809744834899902,-1.9292445182800293,1.251729965209961,passive,1.0
1,demo__involving_event__did_to__mary_answered,active,active,a bishop kisses a boy .,a lady asks a lawyer .,a lawyer is asked by a lady .,a,lady,a,lawyer,ask,asks,asked,"[""event_style=involving_event"", ""role_style=did_to"", ""quote_style=mary_answered"", ""event=asking""]","There was a kissing event involving a bishop and a boy.
The one who did it was a bishop.
The one it happened to was a boy.

Bridget asked, ""What happened?""
Mary answered, ""A bishop kisses a boy.""

There was a asking event involving a lady and a lawyer.
The one who did it was a lady.
The one it happened to was a lawyer.

Bridget asked, ""What happened?""
Mary answered, ""The","Mary answered, ""The",first_noun,mary_answered,involving_event,did_to,-1.4997165203094482,-0.7793014049530029,0.7204151153564453,passive,1.0
1,demo__involving_event__did_to__mary_answered,passive,passive,a boy is kissed by a bishop .,a lady asks a lawyer .,a lawyer is asked by a lady .,a,lady,a,lawyer,ask,asks,asked,"[""event_style=involving_event"", ""role_style=did_to"", ""quote_style=mary_answered"", ""event=asking""]","There was a kissing event involving a bishop and a boy.
The one who did it was a bishop.
The one it happened to was a boy.

Bridget asked, ""What happened?""
Mary answered, ""A boy is kissed by a bishop.""

There was a asking event involving a lady and a lawyer.
The one who did it was a lady.
The one it happened to was a lawyer.

Bridget asked, ""What happened?""
Mary answered, ""The","Mary answered, ""The",first_noun,mary_answered,involving_event,did_to,-1.9667162895202637,-0.6793083548545837,1.28740793466568,passive,1.0
1,demo__involving_event__did_to__mary_answered,no_demo,no_demo,,a lady asks a lawyer .,a lawyer is asked by a lady .,a,lady,a,lawyer,ask,asks,asked,"[""event_style=involving_event"", ""role_style=did_to"", ""quote_style=mary_answered"", ""event=asking""]","There was a asking event involving a lady and a lawyer.
The one who did it was a lady.
The one it happened to was a lawyer.

Bridget asked, ""What happened?""
Mary answered, ""The","Mary answered, ""The",first_noun,mary_answered,involving_event,did_to,-1.4653499126434326,-1.393040418624878,0.07230949401855469,passive,1.0
1,demo__involving_event__did_to__mary_answered,filler,filler,,a lady asks a lawyer .,a lawyer is asked by a lady .,a,lady,a,lawyer,ask,asks,asked,"[""event_style=involving_event"", ""role_style=did_to"", ""quote_style=mary_answered"", ""event=asking""]","In another scene, something unrelated happened.
Bridget asked, ""What happened?""
Mary answered, ""The traveler rested beside the river.""

There was a asking event involving a lady and a lawyer.
The one who did it was a lady.
The one it happened to was a lawyer.

Bridget asked, ""What happened?""
Mary answered, ""The","Mary answered, ""The",first_noun,mary_answered,involving_event,did_to,-3.2811927795410156,-1.4689923524856567,1.8122004270553589,passive,1.0
1,demo__involving_event__did_to__said_mary,active,active,a bishop kisses a boy .,a lady asks a lawyer .,a lawyer is asked by a lady .,a,lady,a,lawyer,ask,asks,asked,"[""event_style=involving_event"", ""role_style=did_to"", ""quote_style=said_mary"", ""event=asking""]","There was a kissing event involving a bishop and a boy.
The one who did it was a bishop.
The one it happened to was a boy.

Bridget asked, ""What happened?""
""A bishop kisses a boy."" said Mary.

There was a asking event involving a lady and a lawyer.
The one who did it was a lady.
The one it happened to was a lawyer.

Bridget asked, ""What happened?""
""The","""The",first_noun,said_mary,involving_event,did_to,-1.3626731634140015,-0.9155372381210327,0.44713592529296875,passive,1.0
1,demo__involving_event__did_to__said_mary,passive,passive,a boy is kissed by a bishop .,a lady asks a lawyer .,a lawyer is asked by a lady .,a,lady,a,lawyer,ask,asks,asked,"[""event_style=involving_event"", ""role_style=did_to"", ""quote_style=said_mary"", ""event=asking""]","There was a kissing event involving a bishop and a boy.
The one who did it was a bishop.
The one it happened to was a boy.

Bridget asked, ""What happened?""
""A boy is kissed by a bishop."" said Mary.

There was a asking event involving a lady and a lawyer.
The one who did it was a lady.
The one it happened to was a lawyer.

Bridget asked, ""What happened?""
""The","""The",first_noun,said_mary,involving_event,did_to,-1.6606276035308838,-0.876423180103302,0.7842044234275818,passive,1.0
1,demo__involving_event__did_to__said_mary,no_demo,no_demo,,a lady asks a lawyer .,a lawyer is asked by a lady .,a,lady,a,lawyer,ask,asks,asked,"[""event_style=involving_event"", ""role_style=did_to"", ""quote_style=said_mary"", ""event=asking""]","There was a asking event involving a lady and a lawyer.
The one who did it was a lady.
The one it happened to was a lawyer.

Bridget asked, ""What happened?""
""The","""The",first_noun,said_mary,involving_event,did_to,-1.3101345300674438,-1.8429943323135376,-0.5328598022460938,active,0.0
1,demo__involving_event__did_to__said_mary,filler,filler,,a lady asks a lawyer .,a lawyer is asked by a lady .,a,lady,a,lawyer,ask,asks,asked,"[""event_style=involving_event"", ""role_style=did_to"", ""quote_style=said_mary"", ""event=asking""]","In another scene, something unrelated happened.
Bridget asked, ""What happened?""
""The traveler rested beside the river."" said Mary.

There was a asking event involving a lady and a lawyer.
The one who did it was a lady.
The one it happened to was a lawyer.

Bridget asked, ""What happened?""
""The","""The",first_noun,said_mary,involving_event,did_to,-3.320434093475342,-2.0320401191711426,1.2883939743041992,passive,1.0
2,demo__there_was_event__responsible_affected__mary_answered,active,active,an actor kisses an actress .,a father joins a friend .,a friend is joined by a father .,a,father,a,friend,join,joins,joined,"[""event_style=there_was_event"", ""role_style=responsible_affected"", ""quote_style=mary_answered"", ""event=joining""]","An actor and an actress were involved in the same event.
There was a kissing event.
The responsible person was an actor.
The affected person was an actress.

Bridget asked, ""What happened?""
Mary answered, ""An actor kisses an actress.""

A father and a friend were involved in the same event.
There was a joining event.
The responsible person was a father.
The affected person was a friend.

Bridget asked, ""What happened?""
Mary answered, ""The","Mary answered, ""The",first_noun,mary_answered,there_was_event,responsible_affected,-1.5983896255493164,-4.339112281799316,-2.74072265625,active,0.0
2,demo__there_was_event__responsible_affected__mary_answered,passive,passive,an actress is kissed by an actor .,a father joins a friend .,a friend is joined by a father .,a,father,a,friend,join,joins,joined,"[""event_style=there_was_event"", ""role_style=responsible_affected"", ""quote_style=mary_answered"", ""event=joining""]","An actor and an actress were involved in the same event.
There was a kissing event.
The responsible person was an actor.
The affected person was an actress.

Bridget asked, ""What happened?""
Mary answered, ""An actress is kissed by an actor.""

A father and a friend were involved in the same event.
There was a joining event.
The responsible person was a father.
The affected person was a friend.

Bridget asked, ""What happened?""
Mary answered, ""The","Mary answered, ""The",first_noun,mary_answered,there_was_event,responsible_affected,-1.6441208124160767,-3.542921543121338,-1.8988007307052612,active,0.0
2,demo__there_was_event__responsible_affected__mary_answered,no_demo,no_demo,,a father joins a friend .,a friend is joined by a father .,a,father,a,friend,join,joins,joined,"[""event_style=there_was_event"", ""role_style=responsible_affected"", ""quote_style=mary_answered"", ""event=joining""]","A father and a friend were involved in the same event.
There was a joining event.
The responsible person was a father.
The affected person was a friend.

Bridget asked, ""What happened?""
Mary answered, ""The","Mary answered, ""The",first_noun,mary_answered,there_was_event,responsible_affected,-1.8882638216018677,-4.048387050628662,-2.1601232290267944,active,0.0
2,demo__there_was_event__responsible_affected__mary_answered,filler,filler,,a father joins a friend .,a friend is joined by a father .,a,father,a,friend,join,joins,joined,"[""event_style=there_was_event"", ""role_style=responsible_affected"", ""quote_style=mary_answered"", ""event=joining""]","In another scene, something unrelated happened.
Bridget asked, ""What happened?""
Mary answered, ""The notebook stayed on the shelf.""

A father and a friend were involved in the same event.
There was a joining event.
The responsible person was a father.
The affected person was a friend.

Bridget asked, ""What happened?""
Mary answered, ""The","Mary answered, ""The",first_noun,mary_answered,there_was_event,responsible_affected,-3.8491671085357666,-4.064143180847168,-0.21497607231140137,active,0.0
2,demo__there_was_event__responsible_affected__said_mary,active,active,an actor kisses an actress .,a father joins a friend .,a friend is joined by a father .,a,father,a,friend,join,joins,joined,"[""event_style=there_was_event"", ""role_style=responsible_affected"", ""quote_style=said_mary"", ""event=joining""]","An actor and an actress were involved in the same event.
There was a kissing event.
The responsible person was an actor.
The affected person was an actress.

Bridget asked, ""What happened?""
""An actor kisses an actress."" said Mary.

A father and a friend were involved in the same event.
There was a joining event.
The responsible person was a father.
The affected person was a friend.

Bridget asked, ""What happened?""
""The","""The",first_noun,said_mary,there_was_event,responsible_affected,-1.9457087516784668,-4.927626132965088,-2.981917381286621,active,0.0
2,demo__there_was_event__responsible_affected__said_mary,passive,passive,an actress is kissed by an actor .,a father joins a friend .,a friend is joined by a father .,a,father,a,friend,join,joins,joined,"[""event_style=there_was_event"", ""role_style=responsible_affected"", ""quote_style=said_mary"", ""event=joining""]","An actor and an actress were involved in the same event.
There was a kissing event.
The responsible person was an actor.
The affected person was an actress.

Bridget asked, ""What happened?""
""An actress is kissed by an actor."" said Mary.

A father and a friend were involved in the same event.
There was a joining event.
The responsible person was a father.
The affected person was a friend.

Bridget asked, ""What happened?""
""The","""The",first_noun,said_mary,there_was_event,responsible_affected,-1.9915999174118042,-4.203795433044434,-2.2121955156326294,active,0.0
2,demo__there_was_event__responsible_affected__said_mary,no_demo,no_demo,,a father joins a friend .,a friend is joined by a father .,a,father,a,friend,join,joins,joined,"[""event_style=there_was_event"", ""role_style=responsible_affected"", ""quote_style=said_mary"", ""event=joining""]","A father and a friend were involved in the same event.
There was a joining event.
The responsible person was a father.
The affected person was a friend.

Bridget asked, ""What happened?""
""The","""The",first_noun,said_mary,there_was_event,responsible_affected,-2.150599956512451,-4.059056282043457,-1.9084563255310059,active,0.0
2,demo__there_was_event__responsible_affected__said_mary,filler,filler,,a father joins a friend .,a friend is joined by a father .,a,father,a,friend,join,joins,joined,"[""event_style=there_was_event"", ""role_style=responsible_affected"", ""quote_style=said_mary"", ""event=joining""]","In another scene, something unrelated happened.
Bridget asked, ""What happened?""
""The notebook stayed on the shelf."" said Mary.

A father and a friend were involved in the same event.
There was a joining event.
The responsible person was a father.
The affected person was a friend.

Bridget asked, ""What happened?""
""The","""The",first_noun,said_mary,there_was_event,responsible_affected,-3.4606616497039795,-3.933953046798706,-0.47329139709472656,active,0.0
2,demo__there_was_event__did_to__mary_answered,active,active,an actor kisses an actress .,a father joins a friend .,a friend is joined by a father .,a,father,a,friend,join,joins,joined,"[""event_style=there_was_event"", ""role_style=did_to"", ""quote_style=mary_answered"", ""event=joining""]","An actor and an actress were involved in the same event.
There was a kissing event.
The one who did it was an actor.
The one it happened to was an actress.

Bridget asked, ""What happened?""
Mary answered, ""An actor kisses an actress.""

A father and a friend were involved in the same event.
There was a joining event.
The one who did it was a father.
The one it happened to was a friend.

Bridget asked, ""What happened?""
Mary answered, ""The","Mary answered, ""The",first_noun,mary_answered,there_was_event,did_to,-1.1791636943817139,-4.929011344909668,-3.749847650527954,active,0.0
2,demo__there_was_event__did_to__mary_answered,passive,passive,an actress is kissed by an actor .,a father joins a friend .,a friend is joined by a father .,a,father,a,friend,join,joins,joined,"[""event_style=there_was_event"", ""role_style=did_to"", ""quote_style=mary_answered"", ""event=joining""]","An actor and an actress were involved in the same event.
There was a kissing event.
The one who did it was an actor.
The one it happened to was an actress.

Bridget asked, ""What happened?""
Mary answered, ""An actress is kissed by an actor.""

A father and a friend were involved in the same event.
There was a joining event.
The one who did it was a father.
The one it happened to was a friend.

Bridget asked, ""What happened?""
Mary answered, ""The","Mary answered, ""The",first_noun,mary_answered,there_was_event,did_to,-1.2506366968154907,-4.380066394805908,-3.1294296979904175,active,0.0
2,demo__there_was_event__did_to__mary_answered,no_demo,no_demo,,a father joins a friend .,a friend is joined by a father .,a,father,a,friend,join,joins,joined,"[""event_style=there_was_event"", ""role_style=did_to"", ""quote_style=mary_answered"", ""event=joining""]","A father and a friend were involved in the same event.
There was a joining event.
The one who did it was a father.
The one it happened to was a friend.

Bridget asked, ""What happened?""
Mary answered, ""The","Mary answered, ""The",first_noun,mary_answered,there_was_event,did_to,-1.7124019861221313,-4.390634536743164,-2.6782325506210327,active,0.0
2,demo__there_was_event__did_to__mary_answered,filler,filler,,a father joins a friend .,a friend is joined by a father .,a,father,a,friend,join,joins,joined,"[""event_style=there_was_event"", ""role_style=did_to"", ""quote_style=mary_answered"", ""event=joining""]","In another scene, something unrelated happened.
Bridget asked, ""What happened?""
Mary answered, ""The notebook stayed on the shelf.""

A father and a friend were involved in the same event.
There was a joining event.
The one who did it was a father.
The one it happened to was a friend.

Bridget asked, ""What happened?""
Mary answered, ""The","Mary answered, ""The",first_noun,mary_answered,there_was_event,did_to,-3.555708169937134,-4.324027061462402,-0.7683188915252686,active,0.0
2,demo__there_was_event__did_to__said_mary,active,active,an actor kisses an actress .,a father joins a friend .,a friend is joined by a father .,a,father,a,friend,join,joins,joined,"[""event_style=there_was_event"", ""role_style=did_to"", ""quote_style=said_mary"", ""event=joining""]","An actor and an actress were involved in the same event.
There was a kissing event.
The one who did it was an actor.
The one it happened to was an actress.

Bridget asked, ""What happened?""
""An actor kisses an actress."" said Mary.

A father and a friend were involved in the same event.
There was a joining event.
The one who did it was a father.
The one it happened to was a friend.

Bridget asked, ""What happened?""
""The","""The",first_noun,said_mary,there_was_event,did_to,-1.3223087787628174,-5.068610191345215,-3.7463014125823975,active,0.0
2,demo__there_was_event__did_to__said_mary,passive,passive,an actress is kissed by an actor .,a father joins a friend .,a friend is joined by a father .,a,father,a,friend,join,joins,joined,"[""event_style=there_was_event"", ""role_style=did_to"", ""quote_style=said_mary"", ""event=joining""]","An actor and an actress were involved in the same event.
There was a kissing event.
The one who did it was an actor.
The one it happened to was an actress.

Bridget asked, ""What happened?""
""An actress is kissed by an actor."" said Mary.

A father and a friend were involved in the same event.
There was a joining event.
The one who did it was a father.
The one it happened to was a friend.

Bridget asked, ""What happened?""
""The","""The",first_noun,said_mary,there_was_event,did_to,-1.4557222127914429,-4.57921838760376,-3.123496174812317,active,0.0
2,demo__there_was_event__did_to__said_mary,no_demo,no_demo,,a father joins a friend .,a friend is joined by a father .,a,father,a,friend,join,joins,joined,"[""event_style=there_was_event"", ""role_style=did_to"", ""quote_style=said_mary"", ""event=joining""]","A father and a friend were involved in the same event.
There was a joining event.
The one who did it was a father.
The one it happened to was a friend.

Bridget asked, ""What happened?""
""The","""The",first_noun,said_mary,there_was_event,did_to,-1.9111328125,-4.335179805755615,-2.4240469932556152,active,0.0
2,demo__there_was_event__did_to__said_mary,filler,filler,,a father joins a friend .,a friend is joined by a father .,a,father,a,friend,join,joins,joined,"[""event_style=there_was_event"", ""role_style=did_to"", ""quote_style=said_mary"", ""event=joining""]","In another scene, something unrelated happened.
Bridget asked, ""What happened?""
""The notebook stayed on the shelf."" said Mary.

A father and a friend were involved in the same event.
There was a joining event.
The one who did it was a father.
The one it happened to was a friend.

Bridget asked, ""What happened?""
""The","""The",first_noun,said_mary,there_was_event,did_to,-3.1013071537017822,-4.212030410766602,-1.1107232570648193,active,0.0
2,demo__involving_event__responsible_affected__mary_answered,active,active,an actor kisses an actress .,a father joins a friend .,a friend is joined by a father .,a,father,a,friend,join,joins,joined,"[""event_style=involving_event"", ""role_style=responsible_affected"", ""quote_style=mary_answered"", ""event=joining""]","There was a kissing event involving an actor and an actress.
The responsible person was an actor.
The affected person was an actress.

Bridget asked, ""What happened?""
Mary answered, ""An actor kisses an actress.""

There was a joining event involving a father and a friend.
The responsible person was a father.
The affected person was a friend.

Bridget asked, ""What happened?""
Mary answered, ""The","Mary answered, ""The",first_noun,mary_answered,involving_event,responsible_affected,-0.7633412480354309,-3.3147079944610596,-2.5513667464256287,active,0.0
2,demo__involving_event__responsible_affected__mary_answered,passive,passive,an actress is kissed by an actor .,a father joins a friend .,a friend is joined by a father .,a,father,a,friend,join,joins,joined,"[""event_style=involving_event"", ""role_style=responsible_affected"", ""quote_style=mary_answered"", ""event=joining""]","There was a kissing event involving an actor and an actress.
The responsible person was an actor.
The affected person was an actress.

Bridget asked, ""What happened?""
Mary answered, ""An actress is kissed by an actor.""

There was a joining event involving a father and a friend.
The responsible person was a father.
The affected person was a friend.

Bridget asked, ""What happened?""
Mary answered, ""The","Mary answered, ""The",first_noun,mary_answered,involving_event,responsible_affected,-1.0333904027938843,-2.429835796356201,-1.396445393562317,active,0.0
2,demo__involving_event__responsible_affected__mary_answered,no_demo,no_demo,,a father joins a friend .,a friend is joined by a father .,a,father,a,friend,join,joins,joined,"[""event_style=involving_event"", ""role_style=responsible_affected"", ""quote_style=mary_answered"", ""event=joining""]","There was a joining event involving a father and a friend.
The responsible person was a father.
The affected person was a friend.

Bridget asked, ""What happened?""
Mary answered, ""The","Mary answered, ""The",first_noun,mary_answered,involving_event,responsible_affected,-1.7847267389297485,-3.0842204093933105,-1.299493670463562,active,0.0
2,demo__involving_event__responsible_affected__mary_answered,filler,filler,,a father joins a friend .,a friend is joined by a father .,a,father,a,friend,join,joins,joined,"[""event_style=involving_event"", ""role_style=responsible_affected"", ""quote_style=mary_answered"", ""event=joining""]","In another scene, something unrelated happened.
Bridget asked, ""What happened?""
Mary answered, ""The notebook stayed on the shelf.""

There was a joining event involving a father and a friend.
The responsible person was a father.
The affected person was a friend.

Bridget asked, ""What happened?""
Mary answered, ""The","Mary answered, ""The",first_noun,mary_answered,involving_event,responsible_affected,-3.184931755065918,-3.203268051147461,-0.01833629608154297,active,0.0
2,demo__involving_event__responsible_affected__said_mary,active,active,an actor kisses an actress .,a father joins a friend .,a friend is joined by a father .,a,father,a,friend,join,joins,joined,"[""event_style=involving_event"", ""role_style=responsible_affected"", ""quote_style=said_mary"", ""event=joining""]","There was a kissing event involving an actor and an actress.
The responsible person was an actor.
The affected person was an actress.

Bridget asked, ""What happened?""
""An actor kisses an actress."" said Mary.

There was a joining event involving a father and a friend.
The responsible person was a father.
The affected person was a friend.

Bridget asked, ""What happened?""
""The","""The",first_noun,said_mary,involving_event,responsible_affected,-0.9324448704719543,-3.741638422012329,-2.8091935515403748,active,0.0
2,demo__involving_event__responsible_affected__said_mary,passive,passive,an actress is kissed by an actor .,a father joins a friend .,a friend is joined by a father .,a,father,a,friend,join,joins,joined,"[""event_style=involving_event"", ""role_style=responsible_affected"", ""quote_style=said_mary"", ""event=joining""]","There was a kissing event involving an actor and an actress.
The responsible person was an actor.
The affected person was an actress.

Bridget asked, ""What happened?""
""An actress is kissed by an actor."" said Mary.

There was a joining event involving a father and a friend.
The responsible person was a father.
The affected person was a friend.

Bridget asked, ""What happened?""
""The","""The",first_noun,said_mary,involving_event,responsible_affected,-1.214221715927124,-2.867670774459839,-1.6534490585327148,active,0.0
2,demo__involving_event__responsible_affected__said_mary,no_demo,no_demo,,a father joins a friend .,a friend is joined by a father .,a,father,a,friend,join,joins,joined,"[""event_style=involving_event"", ""role_style=responsible_affected"", ""quote_style=said_mary"", ""event=joining""]","There was a joining event involving a father and a friend.
The responsible person was a father.
The affected person was a friend.

Bridget asked, ""What happened?""
""The","""The",first_noun,said_mary,involving_event,responsible_affected,-1.922080397605896,-3.109862804412842,-1.1877824068069458,active,0.0
2,demo__involving_event__responsible_affected__said_mary,filler,filler,,a father joins a friend .,a friend is joined by a father .,a,father,a,friend,join,joins,joined,"[""event_style=involving_event"", ""role_style=responsible_affected"", ""quote_style=said_mary"", ""event=joining""]","In another scene, something unrelated happened.
Bridget asked, ""What happened?""
""The notebook stayed on the shelf."" said Mary.

There was a joining event involving a father and a friend.
The responsible person was a father.
The affected person was a friend.

Bridget asked, ""What happened?""
""The","""The",first_noun,said_mary,involving_event,responsible_affected,-2.9377243518829346,-3.145509958267212,-0.20778560638427734,active,0.0
2,demo__involving_event__did_to__mary_answered,active,active,an actor kisses an actress .,a father joins a friend .,a friend is joined by a father .,a,father,a,friend,join,joins,joined,"[""event_style=involving_event"", ""role_style=did_to"", ""quote_style=mary_answered"", ""event=joining""]","There was a kissing event involving an actor and an actress.
The one who did it was an actor.
The one it happened to was an actress.

Bridget asked, ""What happened?""
Mary answered, ""An actor kisses an actress.""

There was a joining event involving a father and a friend.
The one who did it was a father.
The one it happened to was a friend.

Bridget asked, ""What happened?""
Mary answered, ""The","Mary answered, ""The",first_noun,mary_answered,involving_event,did_to,-0.4814525842666626,-3.7060723304748535,-3.224619746208191,active,0.0
2,demo__involving_event__did_to__mary_answered,passive,passive,an actress is kissed by an actor .,a father joins a friend .,a friend is joined by a father .,a,father,a,friend,join,joins,joined,"[""event_style=involving_event"", ""role_style=did_to"", ""quote_style=mary_answered"", ""event=joining""]","There was a kissing event involving an actor and an actress.
The one who did it was an actor.
The one it happened to was an actress.

Bridget asked, ""What happened?""
Mary answered, ""An actress is kissed by an actor.""

There was a joining event involving a father and a friend.
The one who did it was a father.
The one it happened to was a friend.

Bridget asked, ""What happened?""
Mary answered, ""The","Mary answered, ""The",first_noun,mary_answered,involving_event,did_to,-0.6553958058357239,-3.0135700702667236,-2.3581742644309998,active,0.0
2,demo__involving_event__did_to__mary_answered,no_demo,no_demo,,a father joins a friend .,a friend is joined by a father .,a,father,a,friend,join,joins,joined,"[""event_style=involving_event"", ""role_style=did_to"", ""quote_style=mary_answered"", ""event=joining""]","There was a joining event involving a father and a friend.
The one who did it was a father.
The one it happened to was a friend.

Bridget asked, ""What happened?""
Mary answered, ""The","Mary answered, ""The",first_noun,mary_answered,involving_event,did_to,-1.5639785528182983,-3.1688170433044434,-1.604838490486145,active,0.0
2,demo__involving_event__did_to__mary_answered,filler,filler,,a father joins a friend .,a friend is joined by a father .,a,father,a,friend,join,joins,joined,"[""event_style=involving_event"", ""role_style=did_to"", ""quote_style=mary_answered"", ""event=joining""]","In another scene, something unrelated happened.
Bridget asked, ""What happened?""
Mary answered, ""The notebook stayed on the shelf.""

There was a joining event involving a father and a friend.
The one who did it was a father.
The one it happened to was a friend.

Bridget asked, ""What happened?""
Mary answered, ""The","Mary answered, ""The",first_noun,mary_answered,involving_event,did_to,-2.9900050163269043,-3.449162006378174,-0.45915699005126953,active,0.0
2,demo__involving_event__did_to__said_mary,active,active,an actor kisses an actress .,a father joins a friend .,a friend is joined by a father .,a,father,a,friend,join,joins,joined,"[""event_style=involving_event"", ""role_style=did_to"", ""quote_style=said_mary"", ""event=joining""]","There was a kissing event involving an actor and an actress.
The one who did it was an actor.
The one it happened to was an actress.

Bridget asked, ""What happened?""
""An actor kisses an actress."" said Mary.

There was a joining event involving a father and a friend.
The one who did it was a father.
The one it happened to was a friend.

Bridget asked, ""What happened?""
""The","""The",first_noun,said_mary,involving_event,did_to,-0.5309395790100098,-4.046149730682373,-3.5152101516723633,active,0.0
2,demo__involving_event__did_to__said_mary,passive,passive,an actress is kissed by an actor .,a father joins a friend .,a friend is joined by a father .,a,father,a,friend,join,joins,joined,"[""event_style=involving_event"", ""role_style=did_to"", ""quote_style=said_mary"", ""event=joining""]","There was a kissing event involving an actor and an actress.
The one who did it was an actor.
The one it happened to was an actress.

Bridget asked, ""What happened?""
""An actress is kissed by an actor."" said Mary.

There was a joining event involving a father and a friend.
The one who did it was a father.
The one it happened to was a friend.

Bridget asked, ""What happened?""
""The","""The",first_noun,said_mary,involving_event,did_to,-0.7247781753540039,-3.403559684753418,-2.678781509399414,active,0.0
2,demo__involving_event__did_to__said_mary,no_demo,no_demo,,a father joins a friend .,a friend is joined by a father .,a,father,a,friend,join,joins,joined,"[""event_style=involving_event"", ""role_style=did_to"", ""quote_style=said_mary"", ""event=joining""]","There was a joining event involving a father and a friend.
The one who did it was a father.
The one it happened to was a friend.

Bridget asked, ""What happened?""
""The","""The",first_noun,said_mary,involving_event,did_to,-1.6536699533462524,-3.1289172172546387,-1.4752472639083862,active,0.0
2,demo__involving_event__did_to__said_mary,filler,filler,,a father joins a friend .,a friend is joined by a father .,a,father,a,friend,join,joins,joined,"[""event_style=involving_event"", ""role_style=did_to"", ""quote_style=said_mary"", ""event=joining""]","In another scene, something unrelated happened.
Bridget asked, ""What happened?""
""The notebook stayed on the shelf."" said Mary.

There was a joining event involving a father and a friend.
The one who did it was a father.
The one it happened to was a friend.

Bridget asked, ""What happened?""
""The","""The",first_noun,said_mary,involving_event,did_to,-2.633469581604004,-3.3975343704223633,-0.7640647888183594,active,0.0
3,demo__there_was_event__responsible_affected__mary_answered,active,active,a husband chases a kid .,a wife destroys a winner .,a winner is destroyed by a wife .,a,wife,a,winner,destroy,destroys,destroyed,"[""event_style=there_was_event"", ""role_style=responsible_affected"", ""quote_style=mary_answered"", ""event=destroying""]","A husband and a kid were involved in the same event.
There was a chasing event.
The responsible person was a husband.
The affected person was a kid.

Bridget asked, ""What happened?""
Mary answered, ""A husband chases a kid.""

A wife and a winner were involved in the same event.
There was a destroying event.
The responsible person was a wife.
The affected person was a winner.

Bridget asked, ""What happened?""
Mary answered, ""The","Mary answered, ""The",first_noun,mary_answered,there_was_event,responsible_affected,-2.0983123779296875,-4.437897682189941,-2.339585304260254,active,0.0
3,demo__there_was_event__responsible_affected__mary_answered,passive,passive,a kid is chased by a husband .,a wife destroys a winner .,a winner is destroyed by a wife .,a,wife,a,winner,destroy,destroys,destroyed,"[""event_style=there_was_event"", ""role_style=responsible_affected"", ""quote_style=mary_answered"", ""event=destroying""]","A husband and a kid were involved in the same event.
There was a chasing event.
The responsible person was a husband.
The affected person was a kid.

Bridget asked, ""What happened?""
Mary answered, ""A kid is chased by a husband.""

A wife and a winner were involved in the same event.
There was a destroying event.
The responsible person was a wife.
The affected person was a winner.

Bridget asked, ""What happened?""
Mary answered, ""The","Mary answered, ""The",first_noun,mary_answered,there_was_event,responsible_affected,-2.162642002105713,-3.454558849334717,-1.291916847229004,active,0.0
3,demo__there_was_event__responsible_affected__mary_answered,no_demo,no_demo,,a wife destroys a winner .,a winner is destroyed by a wife .,a,wife,a,winner,destroy,destroys,destroyed,"[""event_style=there_was_event"", ""role_style=responsible_affected"", ""quote_style=mary_answered"", ""event=destroying""]","A wife and a winner were involved in the same event.
There was a destroying event.
The responsible person was a wife.
The affected person was a winner.

Bridget asked, ""What happened?""
Mary answered, ""The","Mary answered, ""The",first_noun,mary_answered,there_was_event,responsible_affected,-2.87995982170105,-4.0626020431518555,-1.1826422214508057,active,0.0
3,demo__there_was_event__responsible_affected__mary_answered,filler,filler,,a wife destroys a winner .,a winner is destroyed by a wife .,a,wife,a,winner,destroy,destroys,destroyed,"[""event_style=there_was_event"", ""role_style=responsible_affected"", ""quote_style=mary_answered"", ""event=destroying""]","In another scene, something unrelated happened.
Bridget asked, ""What happened?""
Mary answered, ""The window rattled during the storm.""

A wife and a winner were involved in the same event.
There was a destroying event.
The responsible person was a wife.
The affected person was a winner.

Bridget asked, ""What happened?""
Mary answered, ""The","Mary answered, ""The",first_noun,mary_answered,there_was_event,responsible_affected,-5.688014030456543,-6.770976543426514,-1.0829625129699707,active,0.0
3,demo__there_was_event__responsible_affected__said_mary,active,active,a husband chases a kid .,a wife destroys a winner .,a winner is destroyed by a wife .,a,wife,a,winner,destroy,destroys,destroyed,"[""event_style=there_was_event"", ""role_style=responsible_affected"", ""quote_style=said_mary"", ""event=destroying""]","A husband and a kid were involved in the same event.
There was a chasing event.
The responsible person was a husband.
The affected person was a kid.

Bridget asked, ""What happened?""
""A husband chases a kid."" said Mary.

A wife and a winner were involved in the same event.
There was a destroying event.
The responsible person was a wife.
The affected person was a winner.

Bridget asked, ""What happened?""
""The","""The",first_noun,said_mary,there_was_event,responsible_affected,-2.115131378173828,-4.6096906661987305,-2.4945592880249023,active,0.0
3,demo__there_was_event__responsible_affected__said_mary,passive,passive,a kid is chased by a husband .,a wife destroys a winner .,a winner is destroyed by a wife .,a,wife,a,winner,destroy,destroys,destroyed,"[""event_style=there_was_event"", ""role_style=responsible_affected"", ""quote_style=said_mary"", ""event=destroying""]","A husband and a kid were involved in the same event.
There was a chasing event.
The responsible person was a husband.
The affected person was a kid.

Bridget asked, ""What happened?""
""A kid is chased by a husband."" said Mary.

A wife and a winner were involved in the same event.
There was a destroying event.
The responsible person was a wife.
The affected person was a winner.

Bridget asked, ""What happened?""
""The","""The",first_noun,said_mary,there_was_event,responsible_affected,-2.1671335697174072,-3.5455610752105713,-1.378427505493164,active,0.0
3,demo__there_was_event__responsible_affected__said_mary,no_demo,no_demo,,a wife destroys a winner .,a winner is destroyed by a wife .,a,wife,a,winner,destroy,destroys,destroyed,"[""event_style=there_was_event"", ""role_style=responsible_affected"", ""quote_style=said_mary"", ""event=destroying""]","A wife and a winner were involved in the same event.
There was a destroying event.
The responsible person was a wife.
The affected person was a winner.

Bridget asked, ""What happened?""
""The","""The",first_noun,said_mary,there_was_event,responsible_affected,-2.658453941345215,-3.8851842880249023,-1.2267303466796875,active,0.0
3,demo__there_was_event__responsible_affected__said_mary,filler,filler,,a wife destroys a winner .,a winner is destroyed by a wife .,a,wife,a,winner,destroy,destroys,destroyed,"[""event_style=there_was_event"", ""role_style=responsible_affected"", ""quote_style=said_mary"", ""event=destroying""]","In another scene, something unrelated happened.
Bridget asked, ""What happened?""
""The window rattled during the storm."" said Mary.

A wife and a winner were involved in the same event.
There was a destroying event.
The responsible person was a wife.
The affected person was a winner.

Bridget asked, ""What happened?""
""The","""The",first_noun,said_mary,there_was_event,responsible_affected,-4.8777055740356445,-6.503508567810059,-1.625802993774414,active,0.0
3,demo__there_was_event__did_to__mary_answered,active,active,a husband chases a kid .,a wife destroys a winner .,a winner is destroyed by a wife .,a,wife,a,winner,destroy,destroys,destroyed,"[""event_style=there_was_event"", ""role_style=did_to"", ""quote_style=mary_answered"", ""event=destroying""]","A husband and a kid were involved in the same event.
There was a chasing event.
The one who did it was a husband.
The one it happened to was a kid.

Bridget asked, ""What happened?""
Mary answered, ""A husband chases a kid.""

A wife and a winner were involved in the same event.
There was a destroying event.
The one who did it was a wife.
The one it happened to was a winner.

Bridget asked, ""What happened?""
Mary answered, ""The","Mary answered, ""The",first_noun,mary_answered,there_was_event,did_to,-1.61643648147583,-3.494933605194092,-1.8784971237182617,active,0.0
3,demo__there_was_event__did_to__mary_answered,passive,passive,a kid is chased by a husband .,a wife destroys a winner .,a winner is destroyed by a wife .,a,wife,a,winner,destroy,destroys,destroyed,"[""event_style=there_was_event"", ""role_style=did_to"", ""quote_style=mary_answered"", ""event=destroying""]","A husband and a kid were involved in the same event.
There was a chasing event.
The one who did it was a husband.
The one it happened to was a kid.

Bridget asked, ""What happened?""
Mary answered, ""A kid is chased by a husband.""

A wife and a winner were involved in the same event.
There was a destroying event.
The one who did it was a wife.
The one it happened to was a winner.

Bridget asked, ""What happened?""
Mary answered, ""The","Mary answered, ""The",first_noun,mary_answered,there_was_event,did_to,-1.9944385290145874,-2.468323230743408,-0.4738847017288208,active,0.0
3,demo__there_was_event__did_to__mary_answered,no_demo,no_demo,,a wife destroys a winner .,a winner is destroyed by a wife .,a,wife,a,winner,destroy,destroys,destroyed,"[""event_style=there_was_event"", ""role_style=did_to"", ""quote_style=mary_answered"", ""event=destroying""]","A wife and a winner were involved in the same event.
There was a destroying event.
The one who did it was a wife.
The one it happened to was a winner.

Bridget asked, ""What happened?""
Mary answered, ""The","Mary answered, ""The",first_noun,mary_answered,there_was_event,did_to,-3.143355369567871,-3.978394031524658,-0.8350386619567871,active,0.0
3,demo__there_was_event__did_to__mary_answered,filler,filler,,a wife destroys a winner .,a winner is destroyed by a wife .,a,wife,a,winner,destroy,destroys,destroyed,"[""event_style=there_was_event"", ""role_style=did_to"", ""quote_style=mary_answered"", ""event=destroying""]","In another scene, something unrelated happened.
Bridget asked, ""What happened?""
Mary answered, ""The window rattled during the storm.""

A wife and a winner were involved in the same event.
There was a destroying event.
The one who did it was a wife.
The one it happened to was a winner.

Bridget asked, ""What happened?""
Mary answered, ""The","Mary answered, ""The",first_noun,mary_answered,there_was_event,did_to,-6.122986793518066,-8.048514366149902,-1.925527572631836,active,0.0
3,demo__there_was_event__did_to__said_mary,active,active,a husband chases a kid .,a wife destroys a winner .,a winner is destroyed by a wife .,a,wife,a,winner,destroy,destroys,destroyed,"[""event_style=there_was_event"", ""role_style=did_to"", ""quote_style=said_mary"", ""event=destroying""]","A husband and a kid were involved in the same event.
There was a chasing event.
The one who did it was a husband.
The one it happened to was a kid.

Bridget asked, ""What happened?""
""A husband chases a kid."" said Mary.

A wife and a winner were involved in the same event.
There was a destroying event.
The one who did it was a wife.
The one it happened to was a winner.

Bridget asked, ""What happened?""
""The","""The",first_noun,said_mary,there_was_event,did_to,-1.4985826015472412,-3.4257924556732178,-1.9272098541259766,active,0.0
3,demo__there_was_event__did_to__said_mary,passive,passive,a kid is chased by a husband .,a wife destroys a winner .,a winner is destroyed by a wife .,a,wife,a,winner,destroy,destroys,destroyed,"[""event_style=there_was_event"", ""role_style=did_to"", ""quote_style=said_mary"", ""event=destroying""]","A husband and a kid were involved in the same event.
There was a chasing event.
The one who did it was a husband.
The one it happened to was a kid.

Bridget asked, ""What happened?""
""A kid is chased by a husband."" said Mary.

A wife and a winner were involved in the same event.
There was a destroying event.
The one who did it was a wife.
The one it happened to was a winner.

Bridget asked, ""What happened?""
""The","""The",first_noun,said_mary,there_was_event,did_to,-1.8657162189483643,-2.38610577583313,-0.5203895568847656,active,0.0
3,demo__there_was_event__did_to__said_mary,no_demo,no_demo,,a wife destroys a winner .,a winner is destroyed by a wife .,a,wife,a,winner,destroy,destroys,destroyed,"[""event_style=there_was_event"", ""role_style=did_to"", ""quote_style=said_mary"", ""event=destroying""]","A wife and a winner were involved in the same event.
There was a destroying event.
The one who did it was a wife.
The one it happened to was a winner.

Bridget asked, ""What happened?""
""The","""The",first_noun,said_mary,there_was_event,did_to,-2.6938650608062744,-3.6971352100372314,-1.003270149230957,active,0.0
3,demo__there_was_event__did_to__said_mary,filler,filler,,a wife destroys a winner .,a winner is destroyed by a wife .,a,wife,a,winner,destroy,destroys,destroyed,"[""event_style=there_was_event"", ""role_style=did_to"", ""quote_style=said_mary"", ""event=destroying""]","In another scene, something unrelated happened.
Bridget asked, ""What happened?""
""The window rattled during the storm."" said Mary.

A wife and a winner were involved in the same event.
There was a destroying event.
The one who did it was a wife.
The one it happened to was a winner.

Bridget asked, ""What happened?""
""The","""The",first_noun,said_mary,there_was_event,did_to,-5.242236614227295,-7.771598815917969,-2.529362201690674,active,0.0
3,demo__involving_event__responsible_affected__mary_answered,active,active,a husband chases a kid .,a wife destroys a winner .,a winner is destroyed by a wife .,a,wife,a,winner,destroy,destroys,destroyed,"[""event_style=involving_event"", ""role_style=responsible_affected"", ""quote_style=mary_answered"", ""event=destroying""]","There was a chasing event involving a husband and a kid.
The responsible person was a husband.
The affected person was a kid.

Bridget asked, ""What happened?""
Mary answered, ""A husband chases a kid.""

There was a destroying event involving a wife and a winner.
The responsible person was a wife.
The affected person was a winner.

Bridget asked, ""What happened?""
Mary answered, ""The","Mary answered, ""The",first_noun,mary_answered,involving_event,responsible_affected,-1.5742108821868896,-3.363510847091675,-1.7892999649047852,active,0.0
3,demo__involving_event__responsible_affected__mary_answered,passive,passive,a kid is chased by a husband .,a wife destroys a winner .,a winner is destroyed by a wife .,a,wife,a,winner,destroy,destroys,destroyed,"[""event_style=involving_event"", ""role_style=responsible_affected"", ""quote_style=mary_answered"", ""event=destroying""]","There was a chasing event involving a husband and a kid.
The responsible person was a husband.
The affected person was a kid.

Bridget asked, ""What happened?""
Mary answered, ""A kid is chased by a husband.""

There was a destroying event involving a wife and a winner.
The responsible person was a wife.
The affected person was a winner.

Bridget asked, ""What happened?""
Mary answered, ""The","Mary answered, ""The",first_noun,mary_answered,involving_event,responsible_affected,-2.0009560585021973,-2.2666821479797363,-0.26572608947753906,active,0.0
3,demo__involving_event__responsible_affected__mary_answered,no_demo,no_demo,,a wife destroys a winner .,a winner is destroyed by a wife .,a,wife,a,winner,destroy,destroys,destroyed,"[""event_style=involving_event"", ""role_style=responsible_affected"", ""quote_style=mary_answered"", ""event=destroying""]","There was a destroying event involving a wife and a winner.
The responsible person was a wife.
The affected person was a winner.

Bridget asked, ""What happened?""
Mary answered, ""The","Mary answered, ""The",first_noun,mary_answered,involving_event,responsible_affected,-2.2780730724334717,-3.3529746532440186,-1.0749015808105469,active,0.0
3,demo__involving_event__responsible_affected__mary_answered,filler,filler,,a wife destroys a winner .,a winner is destroyed by a wife .,a,wife,a,winner,destroy,destroys,destroyed,"[""event_style=involving_event"", ""role_style=responsible_affected"", ""quote_style=mary_answered"", ""event=destroying""]","In another scene, something unrelated happened.
Bridget asked, ""What happened?""
Mary answered, ""The window rattled during the storm.""

There was a destroying event involving a wife and a winner.
The responsible person was a wife.
The affected person was a winner.

Bridget asked, ""What happened?""
Mary answered, ""The","Mary answered, ""The",first_noun,mary_answered,involving_event,responsible_affected,-4.895370006561279,-5.363795757293701,-0.4684257507324219,active,0.0
3,demo__involving_event__responsible_affected__said_mary,active,active,a husband chases a kid .,a wife destroys a winner .,a winner is destroyed by a wife .,a,wife,a,winner,destroy,destroys,destroyed,"[""event_style=involving_event"", ""role_style=responsible_affected"", ""quote_style=said_mary"", ""event=destroying""]","There was a chasing event involving a husband and a kid.
The responsible person was a husband.
The affected person was a kid.

Bridget asked, ""What happened?""
""A husband chases a kid."" said Mary.

There was a destroying event involving a wife and a winner.
The responsible person was a wife.
The affected person was a winner.

Bridget asked, ""What happened?""
""The","""The",first_noun,said_mary,involving_event,responsible_affected,-1.6095842123031616,-3.743699550628662,-2.1341153383255005,active,0.0
3,demo__involving_event__responsible_affected__said_mary,passive,passive,a kid is chased by a husband .,a wife destroys a winner .,a winner is destroyed by a wife .,a,wife,a,winner,destroy,destroys,destroyed,"[""event_style=involving_event"", ""role_style=responsible_affected"", ""quote_style=said_mary"", ""event=destroying""]","There was a chasing event involving a husband and a kid.
The responsible person was a husband.
The affected person was a kid.

Bridget asked, ""What happened?""
""A kid is chased by a husband."" said Mary.

There was a destroying event involving a wife and a winner.
The responsible person was a wife.
The affected person was a winner.

Bridget asked, ""What happened?""
""The","""The",first_noun,said_mary,involving_event,responsible_affected,-2.021535634994507,-2.377291440963745,-0.3557558059692383,active,0.0
3,demo__involving_event__responsible_affected__said_mary,no_demo,no_demo,,a wife destroys a winner .,a winner is destroyed by a wife .,a,wife,a,winner,destroy,destroys,destroyed,"[""event_style=involving_event"", ""role_style=responsible_affected"", ""quote_style=said_mary"", ""event=destroying""]","There was a destroying event involving a wife and a winner.
The responsible person was a wife.
The affected person was a winner.

Bridget asked, ""What happened?""
""The","""The",first_noun,said_mary,involving_event,responsible_affected,-1.9897620677947998,-3.1955888271331787,-1.205826759338379,active,0.0
3,demo__involving_event__responsible_affected__said_mary,filler,filler,,a wife destroys a winner .,a winner is destroyed by a wife .,a,wife,a,winner,destroy,destroys,destroyed,"[""event_style=involving_event"", ""role_style=responsible_affected"", ""quote_style=said_mary"", ""event=destroying""]","In another scene, something unrelated happened.
Bridget asked, ""What happened?""
""The window rattled during the storm."" said Mary.

There was a destroying event involving a wife and a winner.
The responsible person was a wife.
The affected person was a winner.

Bridget asked, ""What happened?""
""The","""The",first_noun,said_mary,involving_event,responsible_affected,-3.9647903442382812,-5.06419038772583,-1.0994000434875488,active,0.0
3,demo__involving_event__did_to__mary_answered,active,active,a husband chases a kid .,a wife destroys a winner .,a winner is destroyed by a wife .,a,wife,a,winner,destroy,destroys,destroyed,"[""event_style=involving_event"", ""role_style=did_to"", ""quote_style=mary_answered"", ""event=destroying""]","There was a chasing event involving a husband and a kid.
The one who did it was a husband.
The one it happened to was a kid.

Bridget asked, ""What happened?""
Mary answered, ""A husband chases a kid.""

There was a destroying event involving a wife and a winner.
The one who did it was a wife.
The one it happened to was a winner.

Bridget asked, ""What happened?""
Mary answered, ""The","Mary answered, ""The",first_noun,mary_answered,involving_event,did_to,-1.31546950340271,-2.242487668991089,-0.9270181655883789,active,0.0
3,demo__involving_event__did_to__mary_answered,passive,passive,a kid is chased by a husband .,a wife destroys a winner .,a winner is destroyed by a wife .,a,wife,a,winner,destroy,destroys,destroyed,"[""event_style=involving_event"", ""role_style=did_to"", ""quote_style=mary_answered"", ""event=destroying""]","There was a chasing event involving a husband and a kid.
The one who did it was a husband.
The one it happened to was a kid.

Bridget asked, ""What happened?""
Mary answered, ""A kid is chased by a husband.""

There was a destroying event involving a wife and a winner.
The one who did it was a wife.
The one it happened to was a winner.

Bridget asked, ""What happened?""
Mary answered, ""The","Mary answered, ""The",first_noun,mary_answered,involving_event,did_to,-2.114551544189453,-1.2792645692825317,0.8352869749069214,passive,1.0
3,demo__involving_event__did_to__mary_answered,no_demo,no_demo,,a wife destroys a winner .,a winner is destroyed by a wife .,a,wife,a,winner,destroy,destroys,destroyed,"[""event_style=involving_event"", ""role_style=did_to"", ""quote_style=mary_answered"", ""event=destroying""]","There was a destroying event involving a wife and a winner.
The one who did it was a wife.
The one it happened to was a winner.

Bridget asked, ""What happened?""
Mary answered, ""The","Mary answered, ""The",first_noun,mary_answered,involving_event,did_to,-2.405956506729126,-3.0054094791412354,-0.5994529724121094,active,0.0
3,demo__involving_event__did_to__mary_answered,filler,filler,,a wife destroys a winner .,a winner is destroyed by a wife .,a,wife,a,winner,destroy,destroys,destroyed,"[""event_style=involving_event"", ""role_style=did_to"", ""quote_style=mary_answered"", ""event=destroying""]","In another scene, something unrelated happened.
Bridget asked, ""What happened?""
Mary answered, ""The window rattled during the storm.""

There was a destroying event involving a wife and a winner.
The one who did it was a wife.
The one it happened to was a winner.

Bridget asked, ""What happened?""
Mary answered, ""The","Mary answered, ""The",first_noun,mary_answered,involving_event,did_to,-5.26478910446167,-6.066591262817383,-0.8018021583557129,active,0.0
3,demo__involving_event__did_to__said_mary,active,active,a husband chases a kid .,a wife destroys a winner .,a winner is destroyed by a wife .,a,wife,a,winner,destroy,destroys,destroyed,"[""event_style=involving_event"", ""role_style=did_to"", ""quote_style=said_mary"", ""event=destroying""]","There was a chasing event involving a husband and a kid.
The one who did it was a husband.
The one it happened to was a kid.

Bridget asked, ""What happened?""
""A husband chases a kid."" said Mary.

There was a destroying event involving a wife and a winner.
The one who did it was a wife.
The one it happened to was a winner.

Bridget asked, ""What happened?""
""The","""The",first_noun,said_mary,involving_event,did_to,-1.1341959238052368,-2.592329502105713,-1.458133578300476,active,0.0
3,demo__involving_event__did_to__said_mary,passive,passive,a kid is chased by a husband .,a wife destroys a winner .,a winner is destroyed by a wife .,a,wife,a,winner,destroy,destroys,destroyed,"[""event_style=involving_event"", ""role_style=did_to"", ""quote_style=said_mary"", ""event=destroying""]","There was a chasing event involving a husband and a kid.
The one who did it was a husband.
The one it happened to was a kid.

Bridget asked, ""What happened?""
""A kid is chased by a husband."" said Mary.

There was a destroying event involving a wife and a winner.
The one who did it was a wife.
The one it happened to was a winner.

Bridget asked, ""What happened?""
""The","""The",first_noun,said_mary,involving_event,did_to,-1.914725422859192,-1.3518763780593872,0.5628490447998047,passive,1.0
3,demo__involving_event__did_to__said_mary,no_demo,no_demo,,a wife destroys a winner .,a winner is destroyed by a wife .,a,wife,a,winner,destroy,destroys,destroyed,"[""event_style=involving_event"", ""role_style=did_to"", ""quote_style=said_mary"", ""event=destroying""]","There was a destroying event involving a wife and a winner.
The one who did it was a wife.
The one it happened to was a winner.

Bridget asked, ""What happened?""
""The","""The",first_noun,said_mary,involving_event,did_to,-1.836445927619934,-2.7330446243286133,-0.8965986967086792,active,0.0
3,demo__involving_event__did_to__said_mary,filler,filler,,a wife destroys a winner .,a winner is destroyed by a wife .,a,wife,a,winner,destroy,destroys,destroyed,"[""event_style=involving_event"", ""role_style=did_to"", ""quote_style=said_mary"", ""event=destroying""]","In another scene, something unrelated happened.
Bridget asked, ""What happened?""
""The window rattled during the storm."" said Mary.

There was a destroying event involving a wife and a winner.
The one who did it was a wife.
The one it happened to was a winner.

Bridget asked, ""What happened?""
""The","""The",first_noun,said_mary,involving_event,did_to,-4.253122329711914,-5.7015557289123535,-1.4484333992004395,active,0.0
