item_index,prompt_template,prime_condition,prompt,target_active,target_passive,agent_noun,patient_noun,active_verb_form,passive_verb_form,quote_style,event_style,role_style,raw_generation,generated_first_sentence,generation_class,has_extra_text_after_first_sentence
0,demo__there_was_event__responsible_affected__mary_answered,active,"A minister and a mother were involved in the same event.
There was a discovering event.
The responsible person was a minister.
The affected person was a mother.

Bridget asked, ""What happened?""
Mary answered, ""A minister discovers a mother.""

A husband and a kid were involved in the same event.
There was a striking event.
The responsible person was a husband.
The affected person was a kid.

Bridget asked, ""What happened?""
Mary answered, ""The",a husband strikes a kid .,a kid is struck by a husband .,husband,kid,strikes,struck,mary_answered,there_was_event,responsible_affected," responsible person discovered a kid.""

A minister and a mother were involved in the same",The responsible person discovered a kid .,other,True
0,demo__there_was_event__responsible_affected__mary_answered,passive,"A minister and a mother were involved in the same event.
There was a discovering event.
The responsible person was a minister.
The affected person was a mother.

Bridget asked, ""What happened?""
Mary answered, ""A mother is discovered by a minister.""

A husband and a kid were involved in the same event.
There was a striking event.
The responsible person was a husband.
The affected person was a kid.

Bridget asked, ""What happened?""
Mary answered, ""The",a husband strikes a kid .,a kid is struck by a husband .,husband,kid,strikes,struck,mary_answered,there_was_event,responsible_affected," responsible person was a husband.""

A husband and a kid were involved in the same",The responsible person was a husband .,other,True
0,demo__there_was_event__responsible_affected__mary_answered,no_demo,"A husband and a kid were involved in the same event.
There was a striking event.
The responsible person was a husband.
The affected person was a kid.

Bridget asked, ""What happened?""
Mary answered, ""The",a husband strikes a kid .,a kid is struck by a husband .,husband,kid,strikes,struck,mary_answered,there_was_event,responsible_affected," husband was drunk.""

Bridget asked, ""What happened?""

Mary",The husband was drunk .,agent_start_other,True
0,demo__there_was_event__responsible_affected__mary_answered,filler,"In another scene, something unrelated happened.
Bridget asked, ""What happened?""
Mary answered, ""The lantern glowed near sunset.""

A husband and a kid were involved in the same event.
There was a striking event.
The responsible person was a husband.
The affected person was a kid.

Bridget asked, ""What happened?""
Mary answered, ""The",a husband strikes a kid .,a kid is struck by a husband .,husband,kid,strikes,struck,mary_answered,there_was_event,responsible_affected," lantern glowed near sunset.""

A husband and a kid were involved in the same",The lantern glowed near sunset .,other,True
0,demo__there_was_event__responsible_affected__said_mary,active,"A minister and a mother were involved in the same event.
There was a discovering event.
The responsible person was a minister.
The affected person was a mother.

Bridget asked, ""What happened?""
""A minister discovers a mother."" said Mary.

A husband and a kid were involved in the same event.
There was a striking event.
The responsible person was a husband.
The affected person was a kid.

Bridget asked, ""What happened?""
""The",a husband strikes a kid .,a kid is struck by a husband .,husband,kid,strikes,struck,said_mary,there_was_event,responsible_affected," responsible person discovered a husband."" said Mary.

A husband and a kid were involved",The responsible person discovered a husband .,other,True
0,demo__there_was_event__responsible_affected__said_mary,passive,"A minister and a mother were involved in the same event.
There was a discovering event.
The responsible person was a minister.
The affected person was a mother.

Bridget asked, ""What happened?""
""A mother is discovered by a minister."" said Mary.

A husband and a kid were involved in the same event.
There was a striking event.
The responsible person was a husband.
The affected person was a kid.

Bridget asked, ""What happened?""
""The",a husband strikes a kid .,a kid is struck by a husband .,husband,kid,strikes,struck,said_mary,there_was_event,responsible_affected," responsible person was a husband."" said Mary.

A husband and a kid were involved",The responsible person was a husband .,other,True
0,demo__there_was_event__responsible_affected__said_mary,no_demo,"A husband and a kid were involved in the same event.
There was a striking event.
The responsible person was a husband.
The affected person was a kid.

Bridget asked, ""What happened?""
""The",a husband strikes a kid .,a kid is struck by a husband .,husband,kid,strikes,struck,said_mary,there_was_event,responsible_affected," husband and the kid were involved in a car accident.

""The husband was driving",The husband and the kid were involved in a car accident .,agent_start_other,True
0,demo__there_was_event__responsible_affected__said_mary,filler,"In another scene, something unrelated happened.
Bridget asked, ""What happened?""
""The lantern glowed near sunset."" said Mary.

A husband and a kid were involved in the same event.
There was a striking event.
The responsible person was a husband.
The affected person was a kid.

Bridget asked, ""What happened?""
""The",a husband strikes a kid .,a kid is struck by a husband .,husband,kid,strikes,struck,said_mary,there_was_event,responsible_affected," lantern glowed near sunset."" said Mary.

A husband and a kid were involved",The lantern glowed near sunset .,other,True
0,demo__there_was_event__did_to__mary_answered,active,"A minister and a mother were involved in the same event.
There was a discovering event.
The one who did it was a minister.
The one it happened to was a mother.

Bridget asked, ""What happened?""
Mary answered, ""A minister discovers a mother.""

A husband and a kid were involved in the same event.
There was a striking event.
The one who did it was a husband.
The one it happened to was a kid.

Bridget asked, ""What happened?""
Mary answered, ""The",a husband strikes a kid .,a kid is struck by a husband .,husband,kid,strikes,struck,mary_answered,there_was_event,did_to," minister discovers a husband.""

A husband and a kid were involved in the same event",The minister discovers a husband .,other,True
0,demo__there_was_event__did_to__mary_answered,passive,"A minister and a mother were involved in the same event.
There was a discovering event.
The one who did it was a minister.
The one it happened to was a mother.

Bridget asked, ""What happened?""
Mary answered, ""A mother is discovered by a minister.""

A husband and a kid were involved in the same event.
There was a striking event.
The one who did it was a husband.
The one it happened to was a kid.

Bridget asked, ""What happened?""
Mary answered, ""The",a husband strikes a kid .,a kid is struck by a husband .,husband,kid,strikes,struck,mary_answered,there_was_event,did_to," husband was discovered by a minister.""

A husband and a kid were involved in the",The husband was discovered by a minister .,agent_start_other,True
0,demo__there_was_event__did_to__mary_answered,no_demo,"A husband and a kid were involved in the same event.
There was a striking event.
The one who did it was a husband.
The one it happened to was a kid.

Bridget asked, ""What happened?""
Mary answered, ""The",a husband strikes a kid .,a kid is struck by a husband .,husband,kid,strikes,struck,mary_answered,there_was_event,did_to, husband was in the car with the kid and the kid was in the car with the husband,The husband was in the car with the kid and the kid was in the car with the husband,agent_start_other,False
0,demo__there_was_event__did_to__mary_answered,filler,"In another scene, something unrelated happened.
Bridget asked, ""What happened?""
Mary answered, ""The lantern glowed near sunset.""

A husband and a kid were involved in the same event.
There was a striking event.
The one who did it was a husband.
The one it happened to was a kid.

Bridget asked, ""What happened?""
Mary answered, ""The",a husband strikes a kid .,a kid is struck by a husband .,husband,kid,strikes,struck,mary_answered,there_was_event,did_to," lantern glowed near sunset.""

A husband and a kid were involved in the same",The lantern glowed near sunset .,other,True
0,demo__there_was_event__did_to__said_mary,active,"A minister and a mother were involved in the same event.
There was a discovering event.
The one who did it was a minister.
The one it happened to was a mother.

Bridget asked, ""What happened?""
""A minister discovers a mother."" said Mary.

A husband and a kid were involved in the same event.
There was a striking event.
The one who did it was a husband.
The one it happened to was a kid.

Bridget asked, ""What happened?""
""The",a husband strikes a kid .,a kid is struck by a husband .,husband,kid,strikes,struck,said_mary,there_was_event,did_to," one who did it was a husband."" said Mary.

A man and a woman",The one who did it was a husband .,other,True
0,demo__there_was_event__did_to__said_mary,passive,"A minister and a mother were involved in the same event.
There was a discovering event.
The one who did it was a minister.
The one it happened to was a mother.

Bridget asked, ""What happened?""
""A mother is discovered by a minister."" said Mary.

A husband and a kid were involved in the same event.
There was a striking event.
The one who did it was a husband.
The one it happened to was a kid.

Bridget asked, ""What happened?""
""The",a husband strikes a kid .,a kid is struck by a husband .,husband,kid,strikes,struck,said_mary,there_was_event,did_to," husband and the kid were involved in the same event."" said Mary.

A man",The husband and the kid were involved in the same event .,agent_start_other,True
0,demo__there_was_event__did_to__said_mary,no_demo,"A husband and a kid were involved in the same event.
There was a striking event.
The one who did it was a husband.
The one it happened to was a kid.

Bridget asked, ""What happened?""
""The",a husband strikes a kid .,a kid is struck by a husband .,husband,kid,strikes,struck,said_mary,there_was_event,did_to," husband and I were at a party and he was drunk,"" the husband said.

","The husband and I were at a party and he was drunk,",agent_start_other,True
0,demo__there_was_event__did_to__said_mary,filler,"In another scene, something unrelated happened.
Bridget asked, ""What happened?""
""The lantern glowed near sunset."" said Mary.

A husband and a kid were involved in the same event.
There was a striking event.
The one who did it was a husband.
The one it happened to was a kid.

Bridget asked, ""What happened?""
""The",a husband strikes a kid .,a kid is struck by a husband .,husband,kid,strikes,struck,said_mary,there_was_event,did_to," lantern glowed near sunset."" said Mary.

A husband and a kid were involved",The lantern glowed near sunset .,other,True
0,demo__involving_event__responsible_affected__mary_answered,active,"There was a discovering event involving a minister and a mother.
The responsible person was a minister.
The affected person was a mother.

Bridget asked, ""What happened?""
Mary answered, ""A minister discovers a mother.""

There was a striking event involving a husband and a kid.
The responsible person was a husband.
The affected person was a kid.

Bridget asked, ""What happened?""
Mary answered, ""The",a husband strikes a kid .,a kid is struck by a husband .,husband,kid,strikes,struck,mary_answered,involving_event,responsible_affected," husband discovered a kid.""

There was a striking event involving a husband and a wife",The husband discovered a kid .,agent_start_other,True
0,demo__involving_event__responsible_affected__mary_answered,passive,"There was a discovering event involving a minister and a mother.
The responsible person was a minister.
The affected person was a mother.

Bridget asked, ""What happened?""
Mary answered, ""A mother is discovered by a minister.""

There was a striking event involving a husband and a kid.
The responsible person was a husband.
The affected person was a kid.

Bridget asked, ""What happened?""
Mary answered, ""The",a husband strikes a kid .,a kid is struck by a husband .,husband,kid,strikes,struck,mary_answered,involving_event,responsible_affected," husband was discovered by a minister.""

There was a striking event involving a husband and",The husband was discovered by a minister .,agent_start_other,True
0,demo__involving_event__responsible_affected__mary_answered,no_demo,"There was a striking event involving a husband and a kid.
The responsible person was a husband.
The affected person was a kid.

Bridget asked, ""What happened?""
Mary answered, ""The",a husband strikes a kid .,a kid is struck by a husband .,husband,kid,strikes,struck,mary_answered,involving_event,responsible_affected," kid got a little too close to the husband.""

Bridget asked, """,The kid got a little too close to the husband .,patient_start_other,True
0,demo__involving_event__responsible_affected__mary_answered,filler,"In another scene, something unrelated happened.
Bridget asked, ""What happened?""
Mary answered, ""The lantern glowed near sunset.""

There was a striking event involving a husband and a kid.
The responsible person was a husband.
The affected person was a kid.

Bridget asked, ""What happened?""
Mary answered, ""The",a husband strikes a kid .,a kid is struck by a husband .,husband,kid,strikes,struck,mary_answered,involving_event,responsible_affected," kid was in the car.""

There was a striking event involving a husband and a",The kid was in the car .,patient_start_other,True
0,demo__involving_event__responsible_affected__said_mary,active,"There was a discovering event involving a minister and a mother.
The responsible person was a minister.
The affected person was a mother.

Bridget asked, ""What happened?""
""A minister discovers a mother."" said Mary.

There was a striking event involving a husband and a kid.
The responsible person was a husband.
The affected person was a kid.

Bridget asked, ""What happened?""
""The",a husband strikes a kid .,a kid is struck by a husband .,husband,kid,strikes,struck,said_mary,involving_event,responsible_affected," husband discovers a kid."" said Mary.

There was a striking event involving a husband",The husband discovers a kid .,agent_start_other,True
0,demo__involving_event__responsible_affected__said_mary,passive,"There was a discovering event involving a minister and a mother.
The responsible person was a minister.
The affected person was a mother.

Bridget asked, ""What happened?""
""A mother is discovered by a minister."" said Mary.

There was a striking event involving a husband and a kid.
The responsible person was a husband.
The affected person was a kid.

Bridget asked, ""What happened?""
""The",a husband strikes a kid .,a kid is struck by a husband .,husband,kid,strikes,struck,said_mary,involving_event,responsible_affected," husband was discovered by a minister."" said Mary.

There was a striking event involving",The husband was discovered by a minister .,agent_start_other,True
0,demo__involving_event__responsible_affected__said_mary,no_demo,"There was a striking event involving a husband and a kid.
The responsible person was a husband.
The affected person was a kid.

Bridget asked, ""What happened?""
""The",a husband strikes a kid .,a kid is struck by a husband .,husband,kid,strikes,struck,said_mary,involving_event,responsible_affected, husband was in the kitchen and he was cooking dinner. He was cooking a chicken and he,The husband was in the kitchen and he was cooking dinner .,agent_start_other,False
0,demo__involving_event__responsible_affected__said_mary,filler,"In another scene, something unrelated happened.
Bridget asked, ""What happened?""
""The lantern glowed near sunset."" said Mary.

There was a striking event involving a husband and a kid.
The responsible person was a husband.
The affected person was a kid.

Bridget asked, ""What happened?""
""The",a husband strikes a kid .,a kid is struck by a husband .,husband,kid,strikes,struck,said_mary,involving_event,responsible_affected," kid was in the car with the husband.""

""What happened?""

""",The kid was in the car with the husband .,patient_start_other,True
0,demo__involving_event__did_to__mary_answered,active,"There was a discovering event involving a minister and a mother.
The one who did it was a minister.
The one it happened to was a mother.

Bridget asked, ""What happened?""
Mary answered, ""A minister discovers a mother.""

There was a striking event involving a husband and a kid.
The one who did it was a husband.
The one it happened to was a kid.

Bridget asked, ""What happened?""
Mary answered, ""The",a husband strikes a kid .,a kid is struck by a husband .,husband,kid,strikes,struck,mary_answered,involving_event,did_to," husband discovered a kid.""

There was a discovery event involving a husband and a wife",The husband discovered a kid .,agent_start_other,True
0,demo__involving_event__did_to__mary_answered,passive,"There was a discovering event involving a minister and a mother.
The one who did it was a minister.
The one it happened to was a mother.

Bridget asked, ""What happened?""
Mary answered, ""A mother is discovered by a minister.""

There was a striking event involving a husband and a kid.
The one who did it was a husband.
The one it happened to was a kid.

Bridget asked, ""What happened?""
Mary answered, ""The",a husband strikes a kid .,a kid is struck by a husband .,husband,kid,strikes,struck,mary_answered,involving_event,did_to," husband was discovered by a minister.""

There was a striking event involving a husband and",The husband was discovered by a minister .,agent_start_other,True
0,demo__involving_event__did_to__mary_answered,no_demo,"There was a striking event involving a husband and a kid.
The one who did it was a husband.
The one it happened to was a kid.

Bridget asked, ""What happened?""
Mary answered, ""The",a husband strikes a kid .,a kid is struck by a husband .,husband,kid,strikes,struck,mary_answered,involving_event,did_to, husband was in the kitchen and he heard a noise and he went to investigate. He found,The husband was in the kitchen and he heard a noise and he went to investigate .,agent_start_other,False
0,demo__involving_event__did_to__mary_answered,filler,"In another scene, something unrelated happened.
Bridget asked, ""What happened?""
Mary answered, ""The lantern glowed near sunset.""

There was a striking event involving a husband and a kid.
The one who did it was a husband.
The one it happened to was a kid.

Bridget asked, ""What happened?""
Mary answered, ""The",a husband strikes a kid .,a kid is struck by a husband .,husband,kid,strikes,struck,mary_answered,involving_event,did_to," kid was in the car.""

There was a striking event involving a husband and a",The kid was in the car .,patient_start_other,True
0,demo__involving_event__did_to__said_mary,active,"There was a discovering event involving a minister and a mother.
The one who did it was a minister.
The one it happened to was a mother.

Bridget asked, ""What happened?""
""A minister discovers a mother."" said Mary.

There was a striking event involving a husband and a kid.
The one who did it was a husband.
The one it happened to was a kid.

Bridget asked, ""What happened?""
""The",a husband strikes a kid .,a kid is struck by a husband .,husband,kid,strikes,struck,said_mary,involving_event,did_to," husband discovers a kid."" said Mary.

There was a striking event involving a husband",The husband discovers a kid .,agent_start_other,True
0,demo__involving_event__did_to__said_mary,passive,"There was a discovering event involving a minister and a mother.
The one who did it was a minister.
The one it happened to was a mother.

Bridget asked, ""What happened?""
""A mother is discovered by a minister."" said Mary.

There was a striking event involving a husband and a kid.
The one who did it was a husband.
The one it happened to was a kid.

Bridget asked, ""What happened?""
""The",a husband strikes a kid .,a kid is struck by a husband .,husband,kid,strikes,struck,said_mary,involving_event,did_to," husband is discovered by a minister."" said Mary.

There was a striking event involving",The husband is discovered by a minister .,agent_start_other,True
0,demo__involving_event__did_to__said_mary,no_demo,"There was a striking event involving a husband and a kid.
The one who did it was a husband.
The one it happened to was a kid.

Bridget asked, ""What happened?""
""The",a husband strikes a kid .,a kid is struck by a husband .,husband,kid,strikes,struck,said_mary,involving_event,did_to," husband was in the kitchen and he was making a sandwich,"" said the husband.

","The husband was in the kitchen and he was making a sandwich,",agent_start_other,True
0,demo__involving_event__did_to__said_mary,filler,"In another scene, something unrelated happened.
Bridget asked, ""What happened?""
""The lantern glowed near sunset."" said Mary.

There was a striking event involving a husband and a kid.
The one who did it was a husband.
The one it happened to was a kid.

Bridget asked, ""What happened?""
""The",a husband strikes a kid .,a kid is struck by a husband .,husband,kid,strikes,struck,said_mary,involving_event,did_to," kid was in the car with the husband.""

""What happened?""

""",The kid was in the car with the husband .,patient_start_other,True
1,demo__there_was_event__responsible_affected__mary_answered,active,"A bishop and a boy were involved in the same event.
There was a kissing event.
The responsible person was a bishop.
The affected person was a boy.

Bridget asked, ""What happened?""
Mary answered, ""A bishop kisses a boy.""

A lady and a lawyer were involved in the same event.
There was a asking event.
The responsible person was a lady.
The affected person was a lawyer.

Bridget asked, ""What happened?""
Mary answered, ""The",a lady asks a lawyer .,a lawyer is asked by a lady .,lady,lawyer,asks,asked,mary_answered,there_was_event,responsible_affected," bishop kissed a lawyer.""

A man and a woman were involved in the same event",The bishop kissed a lawyer .,other,True
1,demo__there_was_event__responsible_affected__mary_answered,passive,"A bishop and a boy were involved in the same event.
There was a kissing event.
The responsible person was a bishop.
The affected person was a boy.

Bridget asked, ""What happened?""
Mary answered, ""A boy is kissed by a bishop.""

A lady and a lawyer were involved in the same event.
There was a asking event.
The responsible person was a lady.
The affected person was a lawyer.

Bridget asked, ""What happened?""
Mary answered, ""The",a lady asks a lawyer .,a lawyer is asked by a lady .,lady,lawyer,asks,asked,mary_answered,there_was_event,responsible_affected," lawyer kissed the boy.""

A man and a woman were involved in the same event",The lawyer kissed the boy .,patient_start_other,True
1,demo__there_was_event__responsible_affected__mary_answered,no_demo,"A lady and a lawyer were involved in the same event.
There was a asking event.
The responsible person was a lady.
The affected person was a lawyer.

Bridget asked, ""What happened?""
Mary answered, ""The",a lady asks a lawyer .,a lawyer is asked by a lady .,lady,lawyer,asks,asked,mary_answered,there_was_event,responsible_affected," lady was asking for a lawyer.""

Bridget asked, ""What happened?""",The lady was asking for a lawyer .,agent_start_other,True
1,demo__there_was_event__responsible_affected__mary_answered,filler,"In another scene, something unrelated happened.
Bridget asked, ""What happened?""
Mary answered, ""The traveler rested beside the river.""

A lady and a lawyer were involved in the same event.
There was a asking event.
The responsible person was a lady.
The affected person was a lawyer.

Bridget asked, ""What happened?""
Mary answered, ""The",a lady asks a lawyer .,a lawyer is asked by a lady .,lady,lawyer,asks,asked,mary_answered,there_was_event,responsible_affected," traveler rested beside the river.""

A lady and a lawyer were involved in the same",The traveler rested beside the river .,other,True
1,demo__there_was_event__responsible_affected__said_mary,active,"A bishop and a boy were involved in the same event.
There was a kissing event.
The responsible person was a bishop.
The affected person was a boy.

Bridget asked, ""What happened?""
""A bishop kisses a boy."" said Mary.

A lady and a lawyer were involved in the same event.
There was a asking event.
The responsible person was a lady.
The affected person was a lawyer.

Bridget asked, ""What happened?""
""The",a lady asks a lawyer .,a lawyer is asked by a lady .,lady,lawyer,asks,asked,said_mary,there_was_event,responsible_affected," bishop kissed a boy."" said Mary.

A man and a woman were involved in",The bishop kissed a boy .,other,True
1,demo__there_was_event__responsible_affected__said_mary,passive,"A bishop and a boy were involved in the same event.
There was a kissing event.
The responsible person was a bishop.
The affected person was a boy.

Bridget asked, ""What happened?""
""A boy is kissed by a bishop."" said Mary.

A lady and a lawyer were involved in the same event.
There was a asking event.
The responsible person was a lady.
The affected person was a lawyer.

Bridget asked, ""What happened?""
""The",a lady asks a lawyer .,a lawyer is asked by a lady .,lady,lawyer,asks,asked,said_mary,there_was_event,responsible_affected," boy kissed the lady."" said Mary.

A man and a woman were involved in",The boy kissed the lady .,other,True
1,demo__there_was_event__responsible_affected__said_mary,no_demo,"A lady and a lawyer were involved in the same event.
There was a asking event.
The responsible person was a lady.
The affected person was a lawyer.

Bridget asked, ""What happened?""
""The",a lady asks a lawyer .,a lawyer is asked by a lady .,lady,lawyer,asks,asked,said_mary,there_was_event,responsible_affected," lady was asking for a lawyer.""

""What happened?""

""The lady",The lady was asking for a lawyer .,agent_start_other,True
1,demo__there_was_event__responsible_affected__said_mary,filler,"In another scene, something unrelated happened.
Bridget asked, ""What happened?""
""The traveler rested beside the river."" said Mary.

A lady and a lawyer were involved in the same event.
There was a asking event.
The responsible person was a lady.
The affected person was a lawyer.

Bridget asked, ""What happened?""
""The",a lady asks a lawyer .,a lawyer is asked by a lady .,lady,lawyer,asks,asked,said_mary,there_was_event,responsible_affected," traveler rested beside the river."" said Mary.

A lady and a lawyer were involved",The traveler rested beside the river .,other,True
1,demo__there_was_event__did_to__mary_answered,active,"A bishop and a boy were involved in the same event.
There was a kissing event.
The one who did it was a bishop.
The one it happened to was a boy.

Bridget asked, ""What happened?""
Mary answered, ""A bishop kisses a boy.""

A lady and a lawyer were involved in the same event.
There was a asking event.
The one who did it was a lady.
The one it happened to was a lawyer.

Bridget asked, ""What happened?""
Mary answered, ""The",a lady asks a lawyer .,a lawyer is asked by a lady .,lady,lawyer,asks,asked,mary_answered,there_was_event,did_to," bishop kissed the lawyer.""

A man and a woman were involved in the same event",The bishop kissed the lawyer .,other,True
1,demo__there_was_event__did_to__mary_answered,passive,"A bishop and a boy were involved in the same event.
There was a kissing event.
The one who did it was a bishop.
The one it happened to was a boy.

Bridget asked, ""What happened?""
Mary answered, ""A boy is kissed by a bishop.""

A lady and a lawyer were involved in the same event.
There was a asking event.
The one who did it was a lady.
The one it happened to was a lawyer.

Bridget asked, ""What happened?""
Mary answered, ""The",a lady asks a lawyer .,a lawyer is asked by a lady .,lady,lawyer,asks,asked,mary_answered,there_was_event,did_to," lawyer kissed the lady.""

A man and a woman were involved in the same event",The lawyer kissed the lady .,patient_start_other,True
1,demo__there_was_event__did_to__mary_answered,no_demo,"A lady and a lawyer were involved in the same event.
There was a asking event.
The one who did it was a lady.
The one it happened to was a lawyer.

Bridget asked, ""What happened?""
Mary answered, ""The",a lady asks a lawyer .,a lawyer is asked by a lady .,lady,lawyer,asks,asked,mary_answered,there_was_event,did_to," lady asked for a lawyer.""

Bridget asked, ""What did she want",The lady asked for a lawyer .,agent_start_other,True
1,demo__there_was_event__did_to__mary_answered,filler,"In another scene, something unrelated happened.
Bridget asked, ""What happened?""
Mary answered, ""The traveler rested beside the river.""

A lady and a lawyer were involved in the same event.
There was a asking event.
The one who did it was a lady.
The one it happened to was a lawyer.

Bridget asked, ""What happened?""
Mary answered, ""The",a lady asks a lawyer .,a lawyer is asked by a lady .,lady,lawyer,asks,asked,mary_answered,there_was_event,did_to," traveler rested beside the river.""

A lady and a lawyer were involved in the same",The traveler rested beside the river .,other,True
1,demo__there_was_event__did_to__said_mary,active,"A bishop and a boy were involved in the same event.
There was a kissing event.
The one who did it was a bishop.
The one it happened to was a boy.

Bridget asked, ""What happened?""
""A bishop kisses a boy."" said Mary.

A lady and a lawyer were involved in the same event.
There was a asking event.
The one who did it was a lady.
The one it happened to was a lawyer.

Bridget asked, ""What happened?""
""The",a lady asks a lawyer .,a lawyer is asked by a lady .,lady,lawyer,asks,asked,said_mary,there_was_event,did_to," bishop kissed the lawyer."" said Mary.

A man and a woman were involved in",The bishop kissed the lawyer .,other,True
1,demo__there_was_event__did_to__said_mary,passive,"A bishop and a boy were involved in the same event.
There was a kissing event.
The one who did it was a bishop.
The one it happened to was a boy.

Bridget asked, ""What happened?""
""A boy is kissed by a bishop."" said Mary.

A lady and a lawyer were involved in the same event.
There was a asking event.
The one who did it was a lady.
The one it happened to was a lawyer.

Bridget asked, ""What happened?""
""The",a lady asks a lawyer .,a lawyer is asked by a lady .,lady,lawyer,asks,asked,said_mary,there_was_event,did_to," lawyer kissed the lady."" said Mary.

A man and a woman were involved in",The lawyer kissed the lady .,patient_start_other,True
1,demo__there_was_event__did_to__said_mary,no_demo,"A lady and a lawyer were involved in the same event.
There was a asking event.
The one who did it was a lady.
The one it happened to was a lawyer.

Bridget asked, ""What happened?""
""The",a lady asks a lawyer .,a lawyer is asked by a lady .,lady,lawyer,asks,asked,said_mary,there_was_event,did_to," lady asked me to do it.""

""What did you do?""

""",The lady asked me to do it .,agent_start_other,True
1,demo__there_was_event__did_to__said_mary,filler,"In another scene, something unrelated happened.
Bridget asked, ""What happened?""
""The traveler rested beside the river."" said Mary.

A lady and a lawyer were involved in the same event.
There was a asking event.
The one who did it was a lady.
The one it happened to was a lawyer.

Bridget asked, ""What happened?""
""The",a lady asks a lawyer .,a lawyer is asked by a lady .,lady,lawyer,asks,asked,said_mary,there_was_event,did_to," traveler rested beside the river."" said Mary.

A lady and a lawyer were involved",The traveler rested beside the river .,other,True
1,demo__involving_event__responsible_affected__mary_answered,active,"There was a kissing event involving a bishop and a boy.
The responsible person was a bishop.
The affected person was a boy.

Bridget asked, ""What happened?""
Mary answered, ""A bishop kisses a boy.""

There was a asking event involving a lady and a lawyer.
The responsible person was a lady.
The affected person was a lawyer.

Bridget asked, ""What happened?""
Mary answered, ""The",a lady asks a lawyer .,a lawyer is asked by a lady .,lady,lawyer,asks,asked,mary_answered,involving_event,responsible_affected," lawyer kissed the lady.""

There was a asking event involving a man and a woman",The lawyer kissed the lady .,patient_start_other,True
1,demo__involving_event__responsible_affected__mary_answered,passive,"There was a kissing event involving a bishop and a boy.
The responsible person was a bishop.
The affected person was a boy.

Bridget asked, ""What happened?""
Mary answered, ""A boy is kissed by a bishop.""

There was a asking event involving a lady and a lawyer.
The responsible person was a lady.
The affected person was a lawyer.

Bridget asked, ""What happened?""
Mary answered, ""The",a lady asks a lawyer .,a lawyer is asked by a lady .,lady,lawyer,asks,asked,mary_answered,involving_event,responsible_affected," lawyer kissed the lady.""

There was a asking event involving a man and a woman",The lawyer kissed the lady .,patient_start_other,True
1,demo__involving_event__responsible_affected__mary_answered,no_demo,"There was a asking event involving a lady and a lawyer.
The responsible person was a lady.
The affected person was a lawyer.

Bridget asked, ""What happened?""
Mary answered, ""The",a lady asks a lawyer .,a lawyer is asked by a lady .,lady,lawyer,asks,asked,mary_answered,involving_event,responsible_affected," lady was asking for a divorce.""

Bridget asked, ""What happened?""",The lady was asking for a divorce .,agent_start_other,True
1,demo__involving_event__responsible_affected__mary_answered,filler,"In another scene, something unrelated happened.
Bridget asked, ""What happened?""
Mary answered, ""The traveler rested beside the river.""

There was a asking event involving a lady and a lawyer.
The responsible person was a lady.
The affected person was a lawyer.

Bridget asked, ""What happened?""
Mary answered, ""The",a lady asks a lawyer .,a lawyer is asked by a lady .,lady,lawyer,asks,asked,mary_answered,involving_event,responsible_affected," traveler rested beside the river.""

There was a asking event involving a lady and a",The traveler rested beside the river .,other,True
1,demo__involving_event__responsible_affected__said_mary,active,"There was a kissing event involving a bishop and a boy.
The responsible person was a bishop.
The affected person was a boy.

Bridget asked, ""What happened?""
""A bishop kisses a boy."" said Mary.

There was a asking event involving a lady and a lawyer.
The responsible person was a lady.
The affected person was a lawyer.

Bridget asked, ""What happened?""
""The",a lady asks a lawyer .,a lawyer is asked by a lady .,lady,lawyer,asks,asked,said_mary,involving_event,responsible_affected," lawyer kissed the lady."" said Mary.

There was a asking event involving a man",The lawyer kissed the lady .,patient_start_other,True
1,demo__involving_event__responsible_affected__said_mary,passive,"There was a kissing event involving a bishop and a boy.
The responsible person was a bishop.
The affected person was a boy.

Bridget asked, ""What happened?""
""A boy is kissed by a bishop."" said Mary.

There was a asking event involving a lady and a lawyer.
The responsible person was a lady.
The affected person was a lawyer.

Bridget asked, ""What happened?""
""The",a lady asks a lawyer .,a lawyer is asked by a lady .,lady,lawyer,asks,asked,said_mary,involving_event,responsible_affected," lawyer kissed the lady."" said Mary.

There was a asking event involving a man",The lawyer kissed the lady .,patient_start_other,True
1,demo__involving_event__responsible_affected__said_mary,no_demo,"There was a asking event involving a lady and a lawyer.
The responsible person was a lady.
The affected person was a lawyer.

Bridget asked, ""What happened?""
""The",a lady asks a lawyer .,a lawyer is asked by a lady .,lady,lawyer,asks,asked,said_mary,involving_event,responsible_affected," lady was asking for a lawyer,"" the lawyer said.

""What happened?""
","The lady was asking for a lawyer,",agent_start_other,True
1,demo__involving_event__responsible_affected__said_mary,filler,"In another scene, something unrelated happened.
Bridget asked, ""What happened?""
""The traveler rested beside the river."" said Mary.

There was a asking event involving a lady and a lawyer.
The responsible person was a lady.
The affected person was a lawyer.

Bridget asked, ""What happened?""
""The",a lady asks a lawyer .,a lawyer is asked by a lady .,lady,lawyer,asks,asked,said_mary,involving_event,responsible_affected," traveler rested beside the river."" said Mary.

There was a asking event involving a",The traveler rested beside the river .,other,True
1,demo__involving_event__did_to__mary_answered,active,"There was a kissing event involving a bishop and a boy.
The one who did it was a bishop.
The one it happened to was a boy.

Bridget asked, ""What happened?""
Mary answered, ""A bishop kisses a boy.""

There was a asking event involving a lady and a lawyer.
The one who did it was a lady.
The one it happened to was a lawyer.

Bridget asked, ""What happened?""
Mary answered, ""The",a lady asks a lawyer .,a lawyer is asked by a lady .,lady,lawyer,asks,asked,mary_answered,involving_event,did_to," lawyer kissed the lady.""

There was a kissing event involving a bishop and a boy",The lawyer kissed the lady .,patient_start_other,True
1,demo__involving_event__did_to__mary_answered,passive,"There was a kissing event involving a bishop and a boy.
The one who did it was a bishop.
The one it happened to was a boy.

Bridget asked, ""What happened?""
Mary answered, ""A boy is kissed by a bishop.""

There was a asking event involving a lady and a lawyer.
The one who did it was a lady.
The one it happened to was a lawyer.

Bridget asked, ""What happened?""
Mary answered, ""The",a lady asks a lawyer .,a lawyer is asked by a lady .,lady,lawyer,asks,asked,mary_answered,involving_event,did_to," lawyer kissed the lady.""

There was a asking event involving a man and a woman",The lawyer kissed the lady .,patient_start_other,True
1,demo__involving_event__did_to__mary_answered,no_demo,"There was a asking event involving a lady and a lawyer.
The one who did it was a lady.
The one it happened to was a lawyer.

Bridget asked, ""What happened?""
Mary answered, ""The",a lady asks a lawyer .,a lawyer is asked by a lady .,lady,lawyer,asks,asked,mary_answered,involving_event,did_to," lawyer said, 'I'm going to have to take you to court.'""

B","The lawyer said, 'I'm going to have to take you to court .",patient_start_other,True
1,demo__involving_event__did_to__mary_answered,filler,"In another scene, something unrelated happened.
Bridget asked, ""What happened?""
Mary answered, ""The traveler rested beside the river.""

There was a asking event involving a lady and a lawyer.
The one who did it was a lady.
The one it happened to was a lawyer.

Bridget asked, ""What happened?""
Mary answered, ""The",a lady asks a lawyer .,a lawyer is asked by a lady .,lady,lawyer,asks,asked,mary_answered,involving_event,did_to," traveler rested beside the river.""

There was a asking event involving a lady and a",The traveler rested beside the river .,other,True
1,demo__involving_event__did_to__said_mary,active,"There was a kissing event involving a bishop and a boy.
The one who did it was a bishop.
The one it happened to was a boy.

Bridget asked, ""What happened?""
""A bishop kisses a boy."" said Mary.

There was a asking event involving a lady and a lawyer.
The one who did it was a lady.
The one it happened to was a lawyer.

Bridget asked, ""What happened?""
""The",a lady asks a lawyer .,a lawyer is asked by a lady .,lady,lawyer,asks,asked,said_mary,involving_event,did_to," lawyer kissed the lady."" said Mary.

There was a kissing event involving a bishop",The lawyer kissed the lady .,patient_start_other,True
1,demo__involving_event__did_to__said_mary,passive,"There was a kissing event involving a bishop and a boy.
The one who did it was a bishop.
The one it happened to was a boy.

Bridget asked, ""What happened?""
""A boy is kissed by a bishop."" said Mary.

There was a asking event involving a lady and a lawyer.
The one who did it was a lady.
The one it happened to was a lawyer.

Bridget asked, ""What happened?""
""The",a lady asks a lawyer .,a lawyer is asked by a lady .,lady,lawyer,asks,asked,said_mary,involving_event,did_to," lawyer kissed the lady."" said Mary.

There was a asking event involving a man",The lawyer kissed the lady .,patient_start_other,True
1,demo__involving_event__did_to__said_mary,no_demo,"There was a asking event involving a lady and a lawyer.
The one who did it was a lady.
The one it happened to was a lawyer.

Bridget asked, ""What happened?""
""The",a lady asks a lawyer .,a lawyer is asked by a lady .,lady,lawyer,asks,asked,said_mary,involving_event,did_to," lady said, 'I'm going to sue you for $10,000.'""

","The lady said, 'I'm going to sue you for $10,000 .",agent_start_other,False
1,demo__involving_event__did_to__said_mary,filler,"In another scene, something unrelated happened.
Bridget asked, ""What happened?""
""The traveler rested beside the river."" said Mary.

There was a asking event involving a lady and a lawyer.
The one who did it was a lady.
The one it happened to was a lawyer.

Bridget asked, ""What happened?""
""The",a lady asks a lawyer .,a lawyer is asked by a lady .,lady,lawyer,asks,asked,said_mary,involving_event,did_to," traveler rested beside the river."" said Mary.

There was a asking event involving a",The traveler rested beside the river .,other,True
2,demo__there_was_event__responsible_affected__mary_answered,active,"An actor and an actress were involved in the same event.
There was a kissing event.
The responsible person was an actor.
The affected person was an actress.

Bridget asked, ""What happened?""
Mary answered, ""An actor kisses an actress.""

A father and a friend were involved in the same event.
There was a joining event.
The responsible person was a father.
The affected person was a friend.

Bridget asked, ""What happened?""
Mary answered, ""The",a father joins a friend .,a friend is joined by a father .,father,friend,joins,joined,mary_answered,there_was_event,responsible_affected," actor kissed the friend.""

A father and a friend were involved in the same event",The actor kissed the friend .,other,True
2,demo__there_was_event__responsible_affected__mary_answered,passive,"An actor and an actress were involved in the same event.
There was a kissing event.
The responsible person was an actor.
The affected person was an actress.

Bridget asked, ""What happened?""
Mary answered, ""An actress is kissed by an actor.""

A father and a friend were involved in the same event.
There was a joining event.
The responsible person was a father.
The affected person was a friend.

Bridget asked, ""What happened?""
Mary answered, ""The",a father joins a friend .,a friend is joined by a father .,father,friend,joins,joined,mary_answered,there_was_event,responsible_affected," actor kissed the friend.""

A father and a friend were involved in the same event",The actor kissed the friend .,other,True
2,demo__there_was_event__responsible_affected__mary_answered,no_demo,"A father and a friend were involved in the same event.
There was a joining event.
The responsible person was a father.
The affected person was a friend.

Bridget asked, ""What happened?""
Mary answered, ""The",a father joins a friend .,a friend is joined by a father .,father,friend,joins,joined,mary_answered,there_was_event,responsible_affected," father and the friend were involved in the same event.

""The father was a",The father and the friend were involved in the same event .,agent_start_other,True
2,demo__there_was_event__responsible_affected__mary_answered,filler,"In another scene, something unrelated happened.
Bridget asked, ""What happened?""
Mary answered, ""The notebook stayed on the shelf.""

A father and a friend were involved in the same event.
There was a joining event.
The responsible person was a father.
The affected person was a friend.

Bridget asked, ""What happened?""
Mary answered, ""The",a father joins a friend .,a friend is joined by a father .,father,friend,joins,joined,mary_answered,there_was_event,responsible_affected," notebook stayed on the shelf.""

A father and a friend were involved in the same",The notebook stayed on the shelf .,other,True
2,demo__there_was_event__responsible_affected__said_mary,active,"An actor and an actress were involved in the same event.
There was a kissing event.
The responsible person was an actor.
The affected person was an actress.

Bridget asked, ""What happened?""
""An actor kisses an actress."" said Mary.

A father and a friend were involved in the same event.
There was a joining event.
The responsible person was a father.
The affected person was a friend.

Bridget asked, ""What happened?""
""The",a father joins a friend .,a friend is joined by a father .,father,friend,joins,joined,said_mary,there_was_event,responsible_affected," actor kissed the friend."" said Mary.

A father and a friend were involved in",The actor kissed the friend .,other,True
2,demo__there_was_event__responsible_affected__said_mary,passive,"An actor and an actress were involved in the same event.
There was a kissing event.
The responsible person was an actor.
The affected person was an actress.

Bridget asked, ""What happened?""
""An actress is kissed by an actor."" said Mary.

A father and a friend were involved in the same event.
There was a joining event.
The responsible person was a father.
The affected person was a friend.

Bridget asked, ""What happened?""
""The",a father joins a friend .,a friend is joined by a father .,father,friend,joins,joined,said_mary,there_was_event,responsible_affected," actor kissed the mother."" said Mary.

A father and a friend were involved in",The actor kissed the mother .,other,True
2,demo__there_was_event__responsible_affected__said_mary,no_demo,"A father and a friend were involved in the same event.
There was a joining event.
The responsible person was a father.
The affected person was a friend.

Bridget asked, ""What happened?""
""The",a father joins a friend .,a friend is joined by a father .,father,friend,joins,joined,said_mary,there_was_event,responsible_affected," father and friend were involved in a joining event.

""The father was a member",The father and friend were involved in a joining event .,agent_start_other,True
2,demo__there_was_event__responsible_affected__said_mary,filler,"In another scene, something unrelated happened.
Bridget asked, ""What happened?""
""The notebook stayed on the shelf."" said Mary.

A father and a friend were involved in the same event.
There was a joining event.
The responsible person was a father.
The affected person was a friend.

Bridget asked, ""What happened?""
""The",a father joins a friend .,a friend is joined by a father .,father,friend,joins,joined,said_mary,there_was_event,responsible_affected," notebook stayed on the shelf."" said Mary.

A father and a friend were involved",The notebook stayed on the shelf .,other,True
2,demo__there_was_event__did_to__mary_answered,active,"An actor and an actress were involved in the same event.
There was a kissing event.
The one who did it was an actor.
The one it happened to was an actress.

Bridget asked, ""What happened?""
Mary answered, ""An actor kisses an actress.""

A father and a friend were involved in the same event.
There was a joining event.
The one who did it was a father.
The one it happened to was a friend.

Bridget asked, ""What happened?""
Mary answered, ""The",a father joins a friend .,a friend is joined by a father .,father,friend,joins,joined,mary_answered,there_was_event,did_to," father kissed the friend.""

A man and a woman were involved in the same event",The father kissed the friend .,agent_start_other,True
2,demo__there_was_event__did_to__mary_answered,passive,"An actor and an actress were involved in the same event.
There was a kissing event.
The one who did it was an actor.
The one it happened to was an actress.

Bridget asked, ""What happened?""
Mary answered, ""An actress is kissed by an actor.""

A father and a friend were involved in the same event.
There was a joining event.
The one who did it was a father.
The one it happened to was a friend.

Bridget asked, ""What happened?""
Mary answered, ""The",a father joins a friend .,a friend is joined by a father .,father,friend,joins,joined,mary_answered,there_was_event,did_to," father kissed the friend.""

A man and a woman were involved in the same event",The father kissed the friend .,agent_start_other,True
2,demo__there_was_event__did_to__mary_answered,no_demo,"A father and a friend were involved in the same event.
There was a joining event.
The one who did it was a father.
The one it happened to was a friend.

Bridget asked, ""What happened?""
Mary answered, ""The",a father joins a friend .,a friend is joined by a father .,father,friend,joins,joined,mary_answered,there_was_event,did_to," father and the friend were in the same car, and the father was driving and the friend","The father and the friend were in the same car, and the father was driving and the friend",agent_start_other,False
2,demo__there_was_event__did_to__mary_answered,filler,"In another scene, something unrelated happened.
Bridget asked, ""What happened?""
Mary answered, ""The notebook stayed on the shelf.""

A father and a friend were involved in the same event.
There was a joining event.
The one who did it was a father.
The one it happened to was a friend.

Bridget asked, ""What happened?""
Mary answered, ""The",a father joins a friend .,a friend is joined by a father .,father,friend,joins,joined,mary_answered,there_was_event,did_to," notebook stayed on the shelf.""

A father and a friend were involved in the same",The notebook stayed on the shelf .,other,True
2,demo__there_was_event__did_to__said_mary,active,"An actor and an actress were involved in the same event.
There was a kissing event.
The one who did it was an actor.
The one it happened to was an actress.

Bridget asked, ""What happened?""
""An actor kisses an actress."" said Mary.

A father and a friend were involved in the same event.
There was a joining event.
The one who did it was a father.
The one it happened to was a friend.

Bridget asked, ""What happened?""
""The",a father joins a friend .,a friend is joined by a father .,father,friend,joins,joined,said_mary,there_was_event,did_to," father kissed the friend."" said Mary.

A man and a woman were involved in",The father kissed the friend .,agent_start_other,True
2,demo__there_was_event__did_to__said_mary,passive,"An actor and an actress were involved in the same event.
There was a kissing event.
The one who did it was an actor.
The one it happened to was an actress.

Bridget asked, ""What happened?""
""An actress is kissed by an actor."" said Mary.

A father and a friend were involved in the same event.
There was a joining event.
The one who did it was a father.
The one it happened to was a friend.

Bridget asked, ""What happened?""
""The",a father joins a friend .,a friend is joined by a father .,father,friend,joins,joined,said_mary,there_was_event,did_to," father kissed the friend."" said Mary.

A man and a woman were involved in",The father kissed the friend .,agent_start_other,True
2,demo__there_was_event__did_to__said_mary,no_demo,"A father and a friend were involved in the same event.
There was a joining event.
The one who did it was a father.
The one it happened to was a friend.

Bridget asked, ""What happened?""
""The",a father joins a friend .,a friend is joined by a father .,father,friend,joins,joined,said_mary,there_was_event,did_to, father and his friend were in the same event. They were both in the same place at,The father and his friend were in the same event .,agent_start_other,False
2,demo__there_was_event__did_to__said_mary,filler,"In another scene, something unrelated happened.
Bridget asked, ""What happened?""
""The notebook stayed on the shelf."" said Mary.

A father and a friend were involved in the same event.
There was a joining event.
The one who did it was a father.
The one it happened to was a friend.

Bridget asked, ""What happened?""
""The",a father joins a friend .,a friend is joined by a father .,father,friend,joins,joined,said_mary,there_was_event,did_to," notebook stayed on the shelf."" said Mary.

A father and a friend were involved",The notebook stayed on the shelf .,other,True
2,demo__involving_event__responsible_affected__mary_answered,active,"There was a kissing event involving an actor and an actress.
The responsible person was an actor.
The affected person was an actress.

Bridget asked, ""What happened?""
Mary answered, ""An actor kisses an actress.""

There was a joining event involving a father and a friend.
The responsible person was a father.
The affected person was a friend.

Bridget asked, ""What happened?""
Mary answered, ""The",a father joins a friend .,a friend is joined by a father .,father,friend,joins,joined,mary_answered,involving_event,responsible_affected," father kissed the friend.""

There was a kissing event involving a father and a friend",The father kissed the friend .,agent_start_other,True
2,demo__involving_event__responsible_affected__mary_answered,passive,"There was a kissing event involving an actor and an actress.
The responsible person was an actor.
The affected person was an actress.

Bridget asked, ""What happened?""
Mary answered, ""An actress is kissed by an actor.""

There was a joining event involving a father and a friend.
The responsible person was a father.
The affected person was a friend.

Bridget asked, ""What happened?""
Mary answered, ""The",a father joins a friend .,a friend is joined by a father .,father,friend,joins,joined,mary_answered,involving_event,responsible_affected," father kissed the friend.""

There was a kissing event involving a father and a friend",The father kissed the friend .,agent_start_other,True
2,demo__involving_event__responsible_affected__mary_answered,no_demo,"There was a joining event involving a father and a friend.
The responsible person was a father.
The affected person was a friend.

Bridget asked, ""What happened?""
Mary answered, ""The",a father joins a friend .,a friend is joined by a father .,father,friend,joins,joined,mary_answered,involving_event,responsible_affected, father and friend were in the car and the father was driving and the friend was in the,The father and friend were in the car and the father was driving and the friend was in the,agent_start_other,False
2,demo__involving_event__responsible_affected__mary_answered,filler,"In another scene, something unrelated happened.
Bridget asked, ""What happened?""
Mary answered, ""The notebook stayed on the shelf.""

There was a joining event involving a father and a friend.
The responsible person was a father.
The affected person was a friend.

Bridget asked, ""What happened?""
Mary answered, ""The",a father joins a friend .,a friend is joined by a father .,father,friend,joins,joined,mary_answered,involving_event,responsible_affected," notebook stayed on the shelf.""

There was a joining event involving a father and a",The notebook stayed on the shelf .,other,True
2,demo__involving_event__responsible_affected__said_mary,active,"There was a kissing event involving an actor and an actress.
The responsible person was an actor.
The affected person was an actress.

Bridget asked, ""What happened?""
""An actor kisses an actress."" said Mary.

There was a joining event involving a father and a friend.
The responsible person was a father.
The affected person was a friend.

Bridget asked, ""What happened?""
""The",a father joins a friend .,a friend is joined by a father .,father,friend,joins,joined,said_mary,involving_event,responsible_affected," father kissed the friend."" said Mary.

There was a kissing event involving a father",The father kissed the friend .,agent_start_other,True
2,demo__involving_event__responsible_affected__said_mary,passive,"There was a kissing event involving an actor and an actress.
The responsible person was an actor.
The affected person was an actress.

Bridget asked, ""What happened?""
""An actress is kissed by an actor."" said Mary.

There was a joining event involving a father and a friend.
The responsible person was a father.
The affected person was a friend.

Bridget asked, ""What happened?""
""The",a father joins a friend .,a friend is joined by a father .,father,friend,joins,joined,said_mary,involving_event,responsible_affected," father kissed the friend."" said Mary.

There was a kissing event involving a father",The father kissed the friend .,agent_start_other,True
2,demo__involving_event__responsible_affected__said_mary,no_demo,"There was a joining event involving a father and a friend.
The responsible person was a father.
The affected person was a friend.

Bridget asked, ""What happened?""
""The",a father joins a friend .,a friend is joined by a father .,father,friend,joins,joined,said_mary,involving_event,responsible_affected, father and friend were having a party and the father was drunk. He was very drunk.,The father and friend were having a party and the father was drunk .,agent_start_other,True
2,demo__involving_event__responsible_affected__said_mary,filler,"In another scene, something unrelated happened.
Bridget asked, ""What happened?""
""The notebook stayed on the shelf."" said Mary.

There was a joining event involving a father and a friend.
The responsible person was a father.
The affected person was a friend.

Bridget asked, ""What happened?""
""The",a father joins a friend .,a friend is joined by a father .,father,friend,joins,joined,said_mary,involving_event,responsible_affected," notebook stayed on the shelf."" said Mary.

There was a joining event involving a",The notebook stayed on the shelf .,other,True
2,demo__involving_event__did_to__mary_answered,active,"There was a kissing event involving an actor and an actress.
The one who did it was an actor.
The one it happened to was an actress.

Bridget asked, ""What happened?""
Mary answered, ""An actor kisses an actress.""

There was a joining event involving a father and a friend.
The one who did it was a father.
The one it happened to was a friend.

Bridget asked, ""What happened?""
Mary answered, ""The",a father joins a friend .,a friend is joined by a father .,father,friend,joins,joined,mary_answered,involving_event,did_to," father kissed the friend.""

There was a kissing event involving a father and a friend",The father kissed the friend .,agent_start_other,True
2,demo__involving_event__did_to__mary_answered,passive,"There was a kissing event involving an actor and an actress.
The one who did it was an actor.
The one it happened to was an actress.

Bridget asked, ""What happened?""
Mary answered, ""An actress is kissed by an actor.""

There was a joining event involving a father and a friend.
The one who did it was a father.
The one it happened to was a friend.

Bridget asked, ""What happened?""
Mary answered, ""The",a father joins a friend .,a friend is joined by a father .,father,friend,joins,joined,mary_answered,involving_event,did_to," father kissed the friend.""

There was a kissing event involving a father and a friend",The father kissed the friend .,agent_start_other,True
2,demo__involving_event__did_to__mary_answered,no_demo,"There was a joining event involving a father and a friend.
The one who did it was a father.
The one it happened to was a friend.

Bridget asked, ""What happened?""
Mary answered, ""The",a father joins a friend .,a friend is joined by a father .,father,friend,joins,joined,mary_answered,involving_event,did_to," father was a friend of mine.""

Bridget asked, ""What happened?""",The father was a friend of mine .,agent_start_other,True
2,demo__involving_event__did_to__mary_answered,filler,"In another scene, something unrelated happened.
Bridget asked, ""What happened?""
Mary answered, ""The notebook stayed on the shelf.""

There was a joining event involving a father and a friend.
The one who did it was a father.
The one it happened to was a friend.

Bridget asked, ""What happened?""
Mary answered, ""The",a father joins a friend .,a friend is joined by a father .,father,friend,joins,joined,mary_answered,involving_event,did_to," notebook stayed on the shelf.""

There was a joining event involving a father and a",The notebook stayed on the shelf .,other,True
2,demo__involving_event__did_to__said_mary,active,"There was a kissing event involving an actor and an actress.
The one who did it was an actor.
The one it happened to was an actress.

Bridget asked, ""What happened?""
""An actor kisses an actress."" said Mary.

There was a joining event involving a father and a friend.
The one who did it was a father.
The one it happened to was a friend.

Bridget asked, ""What happened?""
""The",a father joins a friend .,a friend is joined by a father .,father,friend,joins,joined,said_mary,involving_event,did_to," father kissed the friend."" said Mary.

There was a kissing event involving a father",The father kissed the friend .,agent_start_other,True
2,demo__involving_event__did_to__said_mary,passive,"There was a kissing event involving an actor and an actress.
The one who did it was an actor.
The one it happened to was an actress.

Bridget asked, ""What happened?""
""An actress is kissed by an actor."" said Mary.

There was a joining event involving a father and a friend.
The one who did it was a father.
The one it happened to was a friend.

Bridget asked, ""What happened?""
""The",a father joins a friend .,a friend is joined by a father .,father,friend,joins,joined,said_mary,involving_event,did_to," father kissed the friend."" said Mary.

There was a kissing event involving a father",The father kissed the friend .,agent_start_other,True
2,demo__involving_event__did_to__said_mary,no_demo,"There was a joining event involving a father and a friend.
The one who did it was a father.
The one it happened to was a friend.

Bridget asked, ""What happened?""
""The",a father joins a friend .,a friend is joined by a father .,father,friend,joins,joined,said_mary,involving_event,did_to, father and his friend were having a party at the house. They were having a good time,The father and his friend were having a party at the house .,agent_start_other,False
2,demo__involving_event__did_to__said_mary,filler,"In another scene, something unrelated happened.
Bridget asked, ""What happened?""
""The notebook stayed on the shelf."" said Mary.

There was a joining event involving a father and a friend.
The one who did it was a father.
The one it happened to was a friend.

Bridget asked, ""What happened?""
""The",a father joins a friend .,a friend is joined by a father .,father,friend,joins,joined,said_mary,involving_event,did_to," notebook stayed on the shelf."" said Mary.

There was a joining event involving a",The notebook stayed on the shelf .,other,True
3,demo__there_was_event__responsible_affected__mary_answered,active,"A husband and a kid were involved in the same event.
There was a chasing event.
The responsible person was a husband.
The affected person was a kid.

Bridget asked, ""What happened?""
Mary answered, ""A husband chases a kid.""

A wife and a winner were involved in the same event.
There was a destroying event.
The responsible person was a wife.
The affected person was a winner.

Bridget asked, ""What happened?""
Mary answered, ""The",a wife destroys a winner .,a winner is destroyed by a wife .,wife,winner,destroys,destroyed,mary_answered,there_was_event,responsible_affected," husband destroyed the winner.""

A husband and a loser were involved in the same event",The husband destroyed the winner .,other,True
3,demo__there_was_event__responsible_affected__mary_answered,passive,"A husband and a kid were involved in the same event.
There was a chasing event.
The responsible person was a husband.
The affected person was a kid.

Bridget asked, ""What happened?""
Mary answered, ""A kid is chased by a husband.""

A wife and a winner were involved in the same event.
There was a destroying event.
The responsible person was a wife.
The affected person was a winner.

Bridget asked, ""What happened?""
Mary answered, ""The",a wife destroys a winner .,a winner is destroyed by a wife .,wife,winner,destroys,destroyed,mary_answered,there_was_event,responsible_affected," husband destroyed the house.""

A husband and a loser were involved in the same event",The husband destroyed the house .,other,True
3,demo__there_was_event__responsible_affected__mary_answered,no_demo,"A wife and a winner were involved in the same event.
There was a destroying event.
The responsible person was a wife.
The affected person was a winner.

Bridget asked, ""What happened?""
Mary answered, ""The",a wife destroys a winner .,a winner is destroyed by a wife .,wife,winner,destroys,destroyed,mary_answered,there_was_event,responsible_affected," husband destroyed the house.""

Bridget asked, ""What did he do?""",The husband destroyed the house .,other,True
3,demo__there_was_event__responsible_affected__mary_answered,filler,"In another scene, something unrelated happened.
Bridget asked, ""What happened?""
Mary answered, ""The window rattled during the storm.""

A wife and a winner were involved in the same event.
There was a destroying event.
The responsible person was a wife.
The affected person was a winner.

Bridget asked, ""What happened?""
Mary answered, ""The",a wife destroys a winner .,a winner is destroyed by a wife .,wife,winner,destroys,destroyed,mary_answered,there_was_event,responsible_affected," window rattled during the storm.""

A wife and a winner were involved in the same",The window rattled during the storm .,other,True
3,demo__there_was_event__responsible_affected__said_mary,active,"A husband and a kid were involved in the same event.
There was a chasing event.
The responsible person was a husband.
The affected person was a kid.

Bridget asked, ""What happened?""
""A husband chases a kid."" said Mary.

A wife and a winner were involved in the same event.
There was a destroying event.
The responsible person was a wife.
The affected person was a winner.

Bridget asked, ""What happened?""
""The",a wife destroys a winner .,a winner is destroyed by a wife .,wife,winner,destroys,destroyed,said_mary,there_was_event,responsible_affected," husband destroyed the winner."" said Mary.

A husband and a loser were involved in",The husband destroyed the winner .,other,True
3,demo__there_was_event__responsible_affected__said_mary,passive,"A husband and a kid were involved in the same event.
There was a chasing event.
The responsible person was a husband.
The affected person was a kid.

Bridget asked, ""What happened?""
""A kid is chased by a husband."" said Mary.

A wife and a winner were involved in the same event.
There was a destroying event.
The responsible person was a wife.
The affected person was a winner.

Bridget asked, ""What happened?""
""The",a wife destroys a winner .,a winner is destroyed by a wife .,wife,winner,destroys,destroyed,said_mary,there_was_event,responsible_affected," husband destroyed the house."" said Mary.

A husband and a winner were involved in",The husband destroyed the house .,other,True
3,demo__there_was_event__responsible_affected__said_mary,no_demo,"A wife and a winner were involved in the same event.
There was a destroying event.
The responsible person was a wife.
The affected person was a winner.

Bridget asked, ""What happened?""
""The",a wife destroys a winner .,a winner is destroyed by a wife .,wife,winner,destroys,destroyed,said_mary,there_was_event,responsible_affected, wife of the winner was involved in the same event. She was the one who destroyed the,The wife of the winner was involved in the same event .,agent_start_other,False
3,demo__there_was_event__responsible_affected__said_mary,filler,"In another scene, something unrelated happened.
Bridget asked, ""What happened?""
""The window rattled during the storm."" said Mary.

A wife and a winner were involved in the same event.
There was a destroying event.
The responsible person was a wife.
The affected person was a winner.

Bridget asked, ""What happened?""
""The",a wife destroys a winner .,a winner is destroyed by a wife .,wife,winner,destroys,destroyed,said_mary,there_was_event,responsible_affected," window rattled during the storm."" said Mary.

A wife and a winner were involved",The window rattled during the storm .,other,True
3,demo__there_was_event__did_to__mary_answered,active,"A husband and a kid were involved in the same event.
There was a chasing event.
The one who did it was a husband.
The one it happened to was a kid.

Bridget asked, ""What happened?""
Mary answered, ""A husband chases a kid.""

A wife and a winner were involved in the same event.
There was a destroying event.
The one who did it was a wife.
The one it happened to was a winner.

Bridget asked, ""What happened?""
Mary answered, ""The",a wife destroys a winner .,a winner is destroyed by a wife .,wife,winner,destroys,destroyed,mary_answered,there_was_event,did_to," husband destroyed the winner.""

A husband and a loser were involved in the same event",The husband destroyed the winner .,other,True
3,demo__there_was_event__did_to__mary_answered,passive,"A husband and a kid were involved in the same event.
There was a chasing event.
The one who did it was a husband.
The one it happened to was a kid.

Bridget asked, ""What happened?""
Mary answered, ""A kid is chased by a husband.""

A wife and a winner were involved in the same event.
There was a destroying event.
The one who did it was a wife.
The one it happened to was a winner.

Bridget asked, ""What happened?""
Mary answered, ""The",a wife destroys a winner .,a winner is destroyed by a wife .,wife,winner,destroys,destroyed,mary_answered,there_was_event,did_to," husband destroyed the house.""

A husband and a loser were involved in the same event",The husband destroyed the house .,other,True
3,demo__there_was_event__did_to__mary_answered,no_demo,"A wife and a winner were involved in the same event.
There was a destroying event.
The one who did it was a wife.
The one it happened to was a winner.

Bridget asked, ""What happened?""
Mary answered, ""The",a wife destroys a winner .,a winner is destroyed by a wife .,wife,winner,destroys,destroyed,mary_answered,there_was_event,did_to," one who did it was a wife.""

Bridget asked, ""What happened",The one who did it was a wife .,other,True
3,demo__there_was_event__did_to__mary_answered,filler,"In another scene, something unrelated happened.
Bridget asked, ""What happened?""
Mary answered, ""The window rattled during the storm.""

A wife and a winner were involved in the same event.
There was a destroying event.
The one who did it was a wife.
The one it happened to was a winner.

Bridget asked, ""What happened?""
Mary answered, ""The",a wife destroys a winner .,a winner is destroyed by a wife .,wife,winner,destroys,destroyed,mary_answered,there_was_event,did_to," window rattled during the storm.""

A wife and a winner were involved in the same",The window rattled during the storm .,other,True
3,demo__there_was_event__did_to__said_mary,active,"A husband and a kid were involved in the same event.
There was a chasing event.
The one who did it was a husband.
The one it happened to was a kid.

Bridget asked, ""What happened?""
""A husband chases a kid."" said Mary.

A wife and a winner were involved in the same event.
There was a destroying event.
The one who did it was a wife.
The one it happened to was a winner.

Bridget asked, ""What happened?""
""The",a wife destroys a winner .,a winner is destroyed by a wife .,wife,winner,destroys,destroyed,said_mary,there_was_event,did_to," husband destroyed the winner."" said Mary.

A husband and a loser were involved in",The husband destroyed the winner .,other,True
3,demo__there_was_event__did_to__said_mary,passive,"A husband and a kid were involved in the same event.
There was a chasing event.
The one who did it was a husband.
The one it happened to was a kid.

Bridget asked, ""What happened?""
""A kid is chased by a husband."" said Mary.

A wife and a winner were involved in the same event.
There was a destroying event.
The one who did it was a wife.
The one it happened to was a winner.

Bridget asked, ""What happened?""
""The",a wife destroys a winner .,a winner is destroyed by a wife .,wife,winner,destroys,destroyed,said_mary,there_was_event,did_to," husband destroyed the house."" said Mary.

A husband and a winner were involved in",The husband destroyed the house .,other,True
3,demo__there_was_event__did_to__said_mary,no_demo,"A wife and a winner were involved in the same event.
There was a destroying event.
The one who did it was a wife.
The one it happened to was a winner.

Bridget asked, ""What happened?""
""The",a wife destroys a winner .,a winner is destroyed by a wife .,wife,winner,destroys,destroyed,said_mary,there_was_event,did_to," one who did it was a wife.""

""What happened?""

""The",The one who did it was a wife .,other,True
3,demo__there_was_event__did_to__said_mary,filler,"In another scene, something unrelated happened.
Bridget asked, ""What happened?""
""The window rattled during the storm."" said Mary.

A wife and a winner were involved in the same event.
There was a destroying event.
The one who did it was a wife.
The one it happened to was a winner.

Bridget asked, ""What happened?""
""The",a wife destroys a winner .,a winner is destroyed by a wife .,wife,winner,destroys,destroyed,said_mary,there_was_event,did_to," window rattled during the storm."" said Mary.

A wife and a winner were involved",The window rattled during the storm .,other,True
3,demo__involving_event__responsible_affected__mary_answered,active,"There was a chasing event involving a husband and a kid.
The responsible person was a husband.
The affected person was a kid.

Bridget asked, ""What happened?""
Mary answered, ""A husband chases a kid.""

There was a destroying event involving a wife and a winner.
The responsible person was a wife.
The affected person was a winner.

Bridget asked, ""What happened?""
Mary answered, ""The",a wife destroys a winner .,a winner is destroyed by a wife .,wife,winner,destroys,destroyed,mary_answered,involving_event,responsible_affected," husband chased the winner.""

There was a chasing event involving a husband and a loser",The husband chased the winner .,other,True
3,demo__involving_event__responsible_affected__mary_answered,passive,"There was a chasing event involving a husband and a kid.
The responsible person was a husband.
The affected person was a kid.

Bridget asked, ""What happened?""
Mary answered, ""A kid is chased by a husband.""

There was a destroying event involving a wife and a winner.
The responsible person was a wife.
The affected person was a winner.

Bridget asked, ""What happened?""
Mary answered, ""The",a wife destroys a winner .,a winner is destroyed by a wife .,wife,winner,destroys,destroyed,mary_answered,involving_event,responsible_affected," husband chased the winner.""

There was a chasing event involving a husband and a loser",The husband chased the winner .,other,True
3,demo__involving_event__responsible_affected__mary_answered,no_demo,"There was a destroying event involving a wife and a winner.
The responsible person was a wife.
The affected person was a winner.

Bridget asked, ""What happened?""
Mary answered, ""The",a wife destroys a winner .,a winner is destroyed by a wife .,wife,winner,destroys,destroyed,mary_answered,involving_event,responsible_affected," wife destroyed the house.""

Bridget asked, ""What happened?""

",The wife destroyed the house .,agent_start_other,True
3,demo__involving_event__responsible_affected__mary_answered,filler,"In another scene, something unrelated happened.
Bridget asked, ""What happened?""
Mary answered, ""The window rattled during the storm.""

There was a destroying event involving a wife and a winner.
The responsible person was a wife.
The affected person was a winner.

Bridget asked, ""What happened?""
Mary answered, ""The",a wife destroys a winner .,a winner is destroyed by a wife .,wife,winner,destroys,destroyed,mary_answered,involving_event,responsible_affected," window rattled during the storm.""

There was a destroying event involving a wife and a",The window rattled during the storm .,other,True
3,demo__involving_event__responsible_affected__said_mary,active,"There was a chasing event involving a husband and a kid.
The responsible person was a husband.
The affected person was a kid.

Bridget asked, ""What happened?""
""A husband chases a kid."" said Mary.

There was a destroying event involving a wife and a winner.
The responsible person was a wife.
The affected person was a winner.

Bridget asked, ""What happened?""
""The",a wife destroys a winner .,a winner is destroyed by a wife .,wife,winner,destroys,destroyed,said_mary,involving_event,responsible_affected," husband destroyed a winner."" said Mary.

There was a chasing event involving a husband",The husband destroyed a winner .,other,True
3,demo__involving_event__responsible_affected__said_mary,passive,"There was a chasing event involving a husband and a kid.
The responsible person was a husband.
The affected person was a kid.

Bridget asked, ""What happened?""
""A kid is chased by a husband."" said Mary.

There was a destroying event involving a wife and a winner.
The responsible person was a wife.
The affected person was a winner.

Bridget asked, ""What happened?""
""The",a wife destroys a winner .,a winner is destroyed by a wife .,wife,winner,destroys,destroyed,said_mary,involving_event,responsible_affected," husband is a winner."" said Mary.

There was a chasing event involving a husband",The husband is a winner .,other,True
3,demo__involving_event__responsible_affected__said_mary,no_demo,"There was a destroying event involving a wife and a winner.
The responsible person was a wife.
The affected person was a winner.

Bridget asked, ""What happened?""
""The",a wife destroys a winner .,a winner is destroyed by a wife .,wife,winner,destroys,destroyed,said_mary,involving_event,responsible_affected," wife was a winner,"" said the responsible person.

""What happened?"" asked the","The wife was a winner,",agent_start_other,True
3,demo__involving_event__responsible_affected__said_mary,filler,"In another scene, something unrelated happened.
Bridget asked, ""What happened?""
""The window rattled during the storm."" said Mary.

There was a destroying event involving a wife and a winner.
The responsible person was a wife.
The affected person was a winner.

Bridget asked, ""What happened?""
""The",a wife destroys a winner .,a winner is destroyed by a wife .,wife,winner,destroys,destroyed,said_mary,involving_event,responsible_affected," window rattled during the storm."" said Mary.

There was a destroying event involving a",The window rattled during the storm .,other,True
3,demo__involving_event__did_to__mary_answered,active,"There was a chasing event involving a husband and a kid.
The one who did it was a husband.
The one it happened to was a kid.

Bridget asked, ""What happened?""
Mary answered, ""A husband chases a kid.""

There was a destroying event involving a wife and a winner.
The one who did it was a wife.
The one it happened to was a winner.

Bridget asked, ""What happened?""
Mary answered, ""The",a wife destroys a winner .,a winner is destroyed by a wife .,wife,winner,destroys,destroyed,mary_answered,involving_event,did_to," husband destroyed the winner.""

There was a chasing event involving a husband and a loser",The husband destroyed the winner .,other,True
3,demo__involving_event__did_to__mary_answered,passive,"There was a chasing event involving a husband and a kid.
The one who did it was a husband.
The one it happened to was a kid.

Bridget asked, ""What happened?""
Mary answered, ""A kid is chased by a husband.""

There was a destroying event involving a wife and a winner.
The one who did it was a wife.
The one it happened to was a winner.

Bridget asked, ""What happened?""
Mary answered, ""The",a wife destroys a winner .,a winner is destroyed by a wife .,wife,winner,destroys,destroyed,mary_answered,involving_event,did_to," winner is a wife.""

There was a chasing event involving a husband and a loser",The winner is a wife .,patient_start_other,True
3,demo__involving_event__did_to__mary_answered,no_demo,"There was a destroying event involving a wife and a winner.
The one who did it was a wife.
The one it happened to was a winner.

Bridget asked, ""What happened?""
Mary answered, ""The",a wife destroys a winner .,a winner is destroyed by a wife .,wife,winner,destroys,destroyed,mary_answered,involving_event,did_to," wife destroyed the winner.""

Bridget asked, ""What did she do?""",The wife destroyed the winner .,agent_start_other,True
3,demo__involving_event__did_to__mary_answered,filler,"In another scene, something unrelated happened.
Bridget asked, ""What happened?""
Mary answered, ""The window rattled during the storm.""

There was a destroying event involving a wife and a winner.
The one who did it was a wife.
The one it happened to was a winner.

Bridget asked, ""What happened?""
Mary answered, ""The",a wife destroys a winner .,a winner is destroyed by a wife .,wife,winner,destroys,destroyed,mary_answered,involving_event,did_to," window rattled during the storm.""

There was a destroying event involving a wife and a",The window rattled during the storm .,other,True
3,demo__involving_event__did_to__said_mary,active,"There was a chasing event involving a husband and a kid.
The one who did it was a husband.
The one it happened to was a kid.

Bridget asked, ""What happened?""
""A husband chases a kid."" said Mary.

There was a destroying event involving a wife and a winner.
The one who did it was a wife.
The one it happened to was a winner.

Bridget asked, ""What happened?""
""The",a wife destroys a winner .,a winner is destroyed by a wife .,wife,winner,destroys,destroyed,said_mary,involving_event,did_to," wife destroyed the winner."" said Mary.

There was a chasing event involving a husband",The wife destroyed the winner .,agent_start_other,True
3,demo__involving_event__did_to__said_mary,passive,"There was a chasing event involving a husband and a kid.
The one who did it was a husband.
The one it happened to was a kid.

Bridget asked, ""What happened?""
""A kid is chased by a husband."" said Mary.

There was a destroying event involving a wife and a winner.
The one who did it was a wife.
The one it happened to was a winner.

Bridget asked, ""What happened?""
""The",a wife destroys a winner .,a winner is destroyed by a wife .,wife,winner,destroys,destroyed,said_mary,involving_event,did_to," winner is a wife."" said Mary.

There was a chasing event involving a husband",The winner is a wife .,patient_start_other,True
3,demo__involving_event__did_to__said_mary,no_demo,"There was a destroying event involving a wife and a winner.
The one who did it was a wife.
The one it happened to was a winner.

Bridget asked, ""What happened?""
""The",a wife destroys a winner .,a winner is destroyed by a wife .,wife,winner,destroys,destroyed,said_mary,involving_event,did_to," wife of the winner was a winner,"" said the man.

""What happened?""","The wife of the winner was a winner,",agent_start_other,True
3,demo__involving_event__did_to__said_mary,filler,"In another scene, something unrelated happened.
Bridget asked, ""What happened?""
""The window rattled during the storm."" said Mary.

There was a destroying event involving a wife and a winner.
The one who did it was a wife.
The one it happened to was a winner.

Bridget asked, ""What happened?""
""The",a wife destroys a winner .,a winner is destroyed by a wife .,wife,winner,destroys,destroyed,said_mary,involving_event,did_to," window rattled during the storm."" said Mary.

There was a destroying event involving a",The window rattled during the storm .,other,True
