candidate,source_template,gpt2_token_count,gpt2_token_id,gpt2_token,recommendation,risk_flags
bri,observed_old_fragment,1,31013,Ġbri,review_candidate,edit_distance_1_from_lexicon
dil,observed_old_fragment,1,11844,Ġdil,review_candidate,edit_distance_1_from_lexicon
dru,observed_old_fragment,1,37215,Ġdru,review_candidate,edit_distance_1_from_lexicon
gri,observed_old_fragment,1,11120,Ġgri,review_candidate,edit_distance_1_from_lexicon
mur,observed_old_fragment,1,4636,Ġmur,review_candidate,edit_distance_1_from_lexicon
dir,old_middle_head_plus_coda_tail,1,26672,Ġdir,review_candidate,edit_distance_1_from_lexicon
dur,old_middle_head_plus_coda_tail,1,22365,Ġdur,review_candidate,edit_distance_1_from_lexicon
fab,old_middle_head_plus_coda_tail,1,7843,Ġfab,review_candidate,edit_distance_1_from_lexicon
fav,old_middle_head_plus_coda_tail,1,2090,Ġfav,review_candidate,edit_distance_1_from_lexicon
fel,old_middle_head_plus_coda_tail,1,10756,Ġfel,review_candidate,edit_distance_1_from_lexicon
fil,old_middle_head_plus_coda_tail,1,1226,Ġfil,review_candidate,edit_distance_1_from_lexicon
fol,old_middle_head_plus_coda_tail,1,5955,Ġfol,review_candidate,edit_distance_1_from_lexicon
ful,old_middle_head_plus_coda_tail,1,46246,Ġful,review_candidate,edit_distance_1_from_lexicon
gir,old_middle_head_plus_coda_tail,1,37370,Ġgir,review_candidate,edit_distance_1_from_lexicon
lav,old_middle_head_plus_coda_tail,1,21606,Ġlav,review_candidate,edit_distance_1_from_lexicon
lil,old_middle_head_plus_coda_tail,1,42280,Ġlil,review_candidate,edit_distance_1_from_lexicon
mol,old_middle_head_plus_coda_tail,1,18605,Ġmol,review_candidate,edit_distance_1_from_lexicon
mul,old_middle_head_plus_coda_tail,1,35971,Ġmul,review_candidate,edit_distance_1_from_lexicon
nav,old_middle_head_plus_coda_tail,1,6812,Ġnav,review_candidate,edit_distance_1_from_lexicon
nin,old_middle_head_plus_coda_tail,1,13462,Ġnin,review_candidate,edit_distance_1_from_lexicon
nom,old_middle_head_plus_coda_tail,1,4515,Ġnom,review_candidate,edit_distance_1_from_lexicon
nud,old_middle_head_plus_coda_tail,1,26731,Ġnud,review_candidate,edit_distance_1_from_lexicon
pav,old_middle_head_plus_coda_tail,1,45549,Ġpav,review_candidate,edit_distance_1_from_lexicon
pel,old_middle_head_plus_coda_tail,1,16176,Ġpel,review_candidate,edit_distance_1_from_lexicon
pil,old_middle_head_plus_coda_tail,1,5560,Ġpil,review_candidate,edit_distance_1_from_lexicon
por,old_middle_head_plus_coda_tail,1,16964,Ġpor,review_candidate,edit_distance_1_from_lexicon
rav,old_middle_head_plus_coda_tail,1,24343,Ġrav,review_candidate,edit_distance_1_from_lexicon
rom,old_middle_head_plus_coda_tail,1,9267,Ġrom,review_candidate,edit_distance_1_from_lexicon
rul,old_middle_head_plus_coda_tail,1,2155,Ġrul,review_candidate,edit_distance_1_from_lexicon
sav,old_middle_head_plus_coda_tail,1,6799,Ġsav,review_candidate,edit_distance_1_from_lexicon
som,old_middle_head_plus_coda_tail,1,3870,Ġsom,review_candidate,edit_distance_1_from_lexicon
sor,old_middle_head_plus_coda_tail,1,25655,Ġsor,review_candidate,edit_distance_1_from_lexicon
sul,old_middle_head_plus_coda_tail,1,33154,Ġsul,review_candidate,edit_distance_1_from_lexicon
tel,old_middle_head_plus_coda_tail,1,13632,Ġtel,review_candidate,edit_distance_1_from_lexicon
tir,old_middle_head_plus_coda_tail,1,48965,Ġtir,review_candidate,edit_distance_1_from_lexicon
tul,old_middle_head_plus_coda_tail,1,48373,Ġtul,review_candidate,edit_distance_1_from_lexicon
vel,old_middle_head_plus_coda_tail,1,11555,Ġvel,review_candidate,edit_distance_1_from_lexicon
vil,old_middle_head_plus_coda_tail,1,39796,Ġvil,review_candidate,edit_distance_1_from_lexicon
vir,old_middle_head_plus_coda_tail,1,5709,Ġvir,review_candidate,edit_distance_1_from_lexicon
vom,old_middle_head_plus_coda_tail,1,20918,Ġvom,review_candidate,edit_distance_1_from_lexicon
vul,old_middle_head_plus_coda_tail,1,24477,Ġvul,review_candidate,edit_distance_1_from_lexicon
bav,observed_old_fragment,2,,Ġb av,reject,not_one_gpt2_token;token_surface_mismatch;edit_distance_1_from_lexicon
fra,observed_old_fragment,1,5306,Ġfra,reject,exact_dictionary_word;edit_distance_1_from_lexicon
gor,observed_old_fragment,1,30344,Ġgor,reject,exact_dictionary_word;edit_distance_1_from_lexicon
klo,observed_old_fragment,2,,Ġk lo,reject,not_one_gpt2_token;token_surface_mismatch;edit_distance_1_from_lexicon
kul,observed_old_fragment,2,,Ġk ul,reject,not_one_gpt2_token;token_surface_mismatch;edit_distance_1_from_lexicon
kve,observed_old_fragment,2,,Ġk ve,reject,not_one_gpt2_token;token_surface_mismatch;edit_distance_1_from_lexicon
mni,observed_old_fragment,2,,Ġm ni,reject,not_one_gpt2_token;token_surface_mismatch;edit_distance_1_from_lexicon
nef,observed_old_fragment,2,,Ġne f,reject,not_one_gpt2_token;token_surface_mismatch;exact_dictionary_word;edit_distance_1_from_lexicon
plo,observed_old_fragment,2,,Ġpl o,reject,not_one_gpt2_token;token_surface_mismatch;edit_distance_1_from_lexicon
pne,observed_old_fragment,2,,Ġp ne,reject,not_one_gpt2_token;token_surface_mismatch;edit_distance_1_from_lexicon
rab,observed_old_fragment,1,27998,Ġrab,reject,exact_dictionary_word;edit_distance_1_from_lexicon
rud,observed_old_fragment,1,28906,Ġrud,reject,exact_dictionary_word;edit_distance_1_from_lexicon
sel,observed_old_fragment,2,,Ġse l,reject,not_one_gpt2_token;token_surface_mismatch;edit_distance_1_from_lexicon
sko,observed_old_fragment,2,,Ġsk o,reject,not_one_gpt2_token;token_surface_mismatch;edit_distance_1_from_lexicon
sme,observed_old_fragment,2,,Ġsm e,reject,not_one_gpt2_token;token_surface_mismatch;edit_distance_1_from_lexicon
tas,observed_old_fragment,2,,Ġt as,reject,not_one_gpt2_token;token_surface_mismatch;suffix_like;edit_distance_1_from_lexicon
tlu,observed_old_fragment,2,,Ġt lu,reject,not_one_gpt2_token;token_surface_mismatch;edit_distance_1_from_lexicon
vra,observed_old_fragment,2,,Ġv ra,reject,not_one_gpt2_token;token_surface_mismatch;edit_distance_1_from_lexicon
vre,observed_old_fragment,2,,Ġv re,reject,not_one_gpt2_token;token_surface_mismatch;edit_distance_1_from_lexicon
zir,observed_old_fragment,2,,Ġz ir,reject,not_one_gpt2_token;token_surface_mismatch;edit_distance_1_from_lexicon
zlo,observed_old_fragment,2,,Ġz lo,reject,not_one_gpt2_token;token_surface_mismatch;edit_distance_1_from_lexicon
zra,observed_old_fragment,2,,Ġz ra,reject,not_one_gpt2_token;token_surface_mismatch;edit_distance_1_from_lexicon
dab,old_middle_head_plus_coda_tail,1,45553,Ġdab,reject,exact_dictionary_word;edit_distance_1_from_lexicon
das,old_middle_head_plus_coda_tail,2,,Ġd as,reject,not_one_gpt2_token;token_surface_mismatch;exact_dictionary_word;suffix_like;edit_distance_1_from_lexicon
dav,old_middle_head_plus_coda_tail,2,,Ġd av,reject,not_one_gpt2_token;token_surface_mismatch;edit_distance_1_from_lexicon
ded,old_middle_head_plus_coda_tail,1,4648,Ġded,reject,suffix_like;edit_distance_1_from_lexicon
def,old_middle_head_plus_coda_tail,1,825,Ġdef,reject,function_or_morpheme_like;edit_distance_1_from_lexicon
dek,old_middle_head_plus_coda_tail,2,,Ġde k,reject,not_one_gpt2_token;token_surface_mismatch;edit_distance_1_from_lexicon
del,old_middle_head_plus_coda_tail,1,1619,Ġdel,reject,exact_dictionary_word;edit_distance_1_from_lexicon
dim,old_middle_head_plus_coda_tail,1,5391,Ġdim,reject,exact_dictionary_word;edit_distance_1_from_lexicon
din,old_middle_head_plus_coda_tail,1,16278,Ġdin,reject,exact_dictionary_word;edit_distance_1_from_lexicon
dol,old_middle_head_plus_coda_tail,2,,Ġd ol,reject,not_one_gpt2_token;token_surface_mismatch;exact_dictionary_word;edit_distance_1_from_lexicon
dom,old_middle_head_plus_coda_tail,1,2401,Ġdom,reject,exact_dictionary_word;edit_distance_1_from_lexicon
dor,old_middle_head_plus_coda_tail,2,,Ġd or,reject,not_one_gpt2_token;token_surface_mismatch;exact_dictionary_word;edit_distance_1_from_lexicon
dud,old_middle_head_plus_coda_tail,2,,Ġd ud,reject,not_one_gpt2_token;token_surface_mismatch;exact_dictionary_word;edit_distance_1_from_lexicon
dul,old_middle_head_plus_coda_tail,2,,Ġd ul,reject,not_one_gpt2_token;token_surface_mismatch;edit_distance_1_from_lexicon
fas,old_middle_head_plus_coda_tail,2,,Ġf as,reject,not_one_gpt2_token;token_surface_mismatch;suffix_like;edit_distance_1_from_lexicon
fed,old_middle_head_plus_coda_tail,1,11672,Ġfed,reject,exact_dictionary_word;suffix_like;edit_distance_1_from_lexicon
fef,old_middle_head_plus_coda_tail,2,,Ġfe f,reject,not_one_gpt2_token;token_surface_mismatch;edit_distance_1_from_lexicon
fek,old_middle_head_plus_coda_tail,2,,Ġfe k,reject,not_one_gpt2_token;token_surface_mismatch;edit_distance_1_from_lexicon
fim,old_middle_head_plus_coda_tail,2,,Ġf im,reject,not_one_gpt2_token;token_surface_mismatch;edit_distance_1_from_lexicon
fin,old_middle_head_plus_coda_tail,1,957,Ġfin,reject,exact_dictionary_word;edit_distance_1_from_lexicon
fir,old_middle_head_plus_coda_tail,1,37979,Ġfir,reject,exact_dictionary_word;edit_distance_1_from_lexicon
fom,old_middle_head_plus_coda_tail,2,,Ġf om,reject,not_one_gpt2_token;token_surface_mismatch;edit_distance_1_from_lexicon
for,old_middle_head_plus_coda_tail,1,329,Ġfor,reject,exact_dictionary_word;edit_distance_1_from_lexicon
fud,old_middle_head_plus_coda_tail,2,,Ġf ud,reject,not_one_gpt2_token;token_surface_mismatch;exact_dictionary_word;edit_distance_1_from_lexicon
fur,old_middle_head_plus_coda_tail,1,9230,Ġfur,reject,exact_dictionary_word;edit_distance_1_from_lexicon
gab,old_middle_head_plus_coda_tail,2,,Ġg ab,reject,not_one_gpt2_token;token_surface_mismatch;exact_dictionary_word;edit_distance_1_from_lexicon
gas,old_middle_head_plus_coda_tail,1,3623,Ġgas,reject,exact_dictionary_word;suffix_like;edit_distance_1_from_lexicon
gav,old_middle_head_plus_coda_tail,2,,Ġg av,reject,not_one_gpt2_token;token_surface_mismatch;edit_distance_1_from_lexicon
ged,old_middle_head_plus_coda_tail,2,,Ġg ed,reject,not_one_gpt2_token;token_surface_mismatch;exact_dictionary_word;suffix_like;edit_distance_1_from_lexicon
gef,old_middle_head_plus_coda_tail,2,,Ġg ef,reject,not_one_gpt2_token;token_surface_mismatch;edit_distance_1_from_lexicon
gek,old_middle_head_plus_coda_tail,2,,Ġg ek,reject,not_one_gpt2_token;token_surface_mismatch;edit_distance_1_from_lexicon
gel,old_middle_head_plus_coda_tail,1,20383,Ġgel,reject,exact_dictionary_word;edit_distance_1_from_lexicon
gil,old_middle_head_plus_coda_tail,2,,Ġg il,reject,not_one_gpt2_token;token_surface_mismatch;exact_dictionary_word;edit_distance_1_from_lexicon
gim,old_middle_head_plus_coda_tail,2,,Ġg im,reject,not_one_gpt2_token;token_surface_mismatch;exact_dictionary_word;edit_distance_1_from_lexicon
gin,old_middle_head_plus_coda_tail,1,39733,Ġgin,reject,exact_dictionary_word;edit_distance_1_from_lexicon
gol,old_middle_head_plus_coda_tail,1,43791,Ġgol,reject,exact_dictionary_word;edit_distance_1_from_lexicon
gom,old_middle_head_plus_coda_tail,2,,Ġg om,reject,not_one_gpt2_token;token_surface_mismatch;edit_distance_1_from_lexicon
gud,old_middle_head_plus_coda_tail,2,,Ġg ud,reject,not_one_gpt2_token;token_surface_mismatch;exact_dictionary_word;edit_distance_1_from_lexicon
gul,old_middle_head_plus_coda_tail,1,47161,Ġgul,reject,exact_dictionary_word;edit_distance_1_from_lexicon
gur,old_middle_head_plus_coda_tail,2,,Ġg ur,reject,not_one_gpt2_token;token_surface_mismatch;exact_dictionary_word;edit_distance_1_from_lexicon
kab,old_middle_head_plus_coda_tail,2,,Ġk ab,reject,not_one_gpt2_token;token_surface_mismatch;edit_distance_1_from_lexicon
kas,old_middle_head_plus_coda_tail,2,,Ġk as,reject,not_one_gpt2_token;token_surface_mismatch;suffix_like;edit_distance_1_from_lexicon
kav,old_middle_head_plus_coda_tail,2,,Ġk av,reject,not_one_gpt2_token;token_surface_mismatch;edit_distance_1_from_lexicon
ked,old_middle_head_plus_coda_tail,2,,Ġk ed,reject,not_one_gpt2_token;token_surface_mismatch;exact_dictionary_word;suffix_like;edit_distance_1_from_lexicon
kef,old_middle_head_plus_coda_tail,2,,Ġke f,reject,not_one_gpt2_token;token_surface_mismatch;exact_dictionary_word;edit_distance_1_from_lexicon
kek,old_middle_head_plus_coda_tail,2,,Ġke k,reject,not_one_gpt2_token;token_surface_mismatch;edit_distance_1_from_lexicon
kel,old_middle_head_plus_coda_tail,2,,Ġke l,reject,not_one_gpt2_token;token_surface_mismatch;edit_distance_1_from_lexicon
kil,old_middle_head_plus_coda_tail,1,8769,Ġkil,reject,exact_dictionary_word;edit_distance_1_from_lexicon
kim,old_middle_head_plus_coda_tail,2,,Ġk im,reject,not_one_gpt2_token;token_surface_mismatch;exact_dictionary_word;edit_distance_1_from_lexicon
kin,old_middle_head_plus_coda_tail,1,18967,Ġkin,reject,exact_dictionary_word;edit_distance_1_from_lexicon
kir,old_middle_head_plus_coda_tail,2,,Ġk ir,reject,not_one_gpt2_token;token_surface_mismatch;edit_distance_1_from_lexicon
kol,old_middle_head_plus_coda_tail,2,,Ġk ol,reject,not_one_gpt2_token;token_surface_mismatch;exact_dictionary_word;edit_distance_1_from_lexicon
kom,old_middle_head_plus_coda_tail,2,,Ġk om,reject,not_one_gpt2_token;token_surface_mismatch;edit_distance_1_from_lexicon
kor,old_middle_head_plus_coda_tail,2,,Ġk or,reject,not_one_gpt2_token;token_surface_mismatch;exact_dictionary_word;edit_distance_1_from_lexicon
kud,old_middle_head_plus_coda_tail,2,,Ġk ud,reject,not_one_gpt2_token;token_surface_mismatch;edit_distance_1_from_lexicon
kur,old_middle_head_plus_coda_tail,2,,Ġk ur,reject,not_one_gpt2_token;token_surface_mismatch;edit_distance_1_from_lexicon
lab,old_middle_head_plus_coda_tail,1,2248,Ġlab,reject,exact_dictionary_word;edit_distance_1_from_lexicon
las,old_middle_head_plus_coda_tail,1,39990,Ġlas,reject,exact_dictionary_word;suffix_like;edit_distance_1_from_lexicon
led,old_middle_head_plus_coda_tail,1,2957,Ġled,reject,exact_dictionary_word;suffix_like;edit_distance_1_from_lexicon
lef,old_middle_head_plus_coda_tail,2,,Ġle f,reject,not_one_gpt2_token;token_surface_mismatch;edit_distance_1_from_lexicon
lek,old_middle_head_plus_coda_tail,2,,Ġle k,reject,not_one_gpt2_token;token_surface_mismatch;exact_dictionary_word;edit_distance_1_from_lexicon
lel,old_middle_head_plus_coda_tail,2,,Ġle l,reject,not_one_gpt2_token;token_surface_mismatch;edit_distance_1_from_lexicon
lim,old_middle_head_plus_coda_tail,1,1761,Ġlim,reject,exact_dictionary_word;edit_distance_1_from_lexicon
lin,old_middle_head_plus_coda_tail,1,9493,Ġlin,reject,exact_dictionary_word;edit_distance_1_from_lexicon
lir,old_middle_head_plus_coda_tail,2,,Ġl ir,reject,not_one_gpt2_token;token_surface_mismatch;edit_distance_1_from_lexicon
lol,old_middle_head_plus_coda_tail,1,19462,Ġlol,reject,function_or_morpheme_like;edit_distance_1_from_lexicon
lom,old_middle_head_plus_coda_tail,2,,Ġl om,reject,not_one_gpt2_token;token_surface_mismatch;edit_distance_1_from_lexicon
lor,old_middle_head_plus_coda_tail,2,,Ġl or,reject,not_one_gpt2_token;token_surface_mismatch;edit_distance_1_from_lexicon
lud,old_middle_head_plus_coda_tail,2,,Ġl ud,reject,not_one_gpt2_token;token_surface_mismatch;edit_distance_1_from_lexicon
lul,old_middle_head_plus_coda_tail,2,,Ġl ul,reject,not_one_gpt2_token;token_surface_mismatch;edit_distance_1_from_lexicon
lur,old_middle_head_plus_coda_tail,1,20605,Ġlur,reject,exact_dictionary_word;edit_distance_1_from_lexicon
mab,old_middle_head_plus_coda_tail,2,,Ġm ab,reject,not_one_gpt2_token;token_surface_mismatch;exact_dictionary_word;edit_distance_1_from_lexicon
mas,old_middle_head_plus_coda_tail,1,12422,Ġmas,reject,exact_dictionary_word;suffix_like;edit_distance_1_from_lexicon
mav,old_middle_head_plus_coda_tail,2,,Ġm av,reject,not_one_gpt2_token;token_surface_mismatch;edit_distance_1_from_lexicon
med,old_middle_head_plus_coda_tail,1,1117,Ġmed,reject,suffix_like;edit_distance_1_from_lexicon
mef,old_middle_head_plus_coda_tail,2,,Ġme f,reject,not_one_gpt2_token;token_surface_mismatch;edit_distance_1_from_lexicon
mek,old_middle_head_plus_coda_tail,2,,Ġme k,reject,not_one_gpt2_token;token_surface_mismatch;edit_distance_1_from_lexicon
mel,old_middle_head_plus_coda_tail,1,7758,Ġmel,reject,exact_dictionary_word;edit_distance_1_from_lexicon
mil,old_middle_head_plus_coda_tail,1,1465,Ġmil,reject,exact_dictionary_word;edit_distance_1_from_lexicon
mim,old_middle_head_plus_coda_tail,1,17007,Ġmim,reject,exact_dictionary_word;edit_distance_1_from_lexicon
min,old_middle_head_plus_coda_tail,1,949,Ġmin,reject,exact_dictionary_word;edit_distance_1_from_lexicon
mir,old_middle_head_plus_coda_tail,1,5720,Ġmir,reject,exact_dictionary_word;edit_distance_1_from_lexicon
mom,old_middle_head_plus_coda_tail,1,1995,Ġmom,reject,function_or_morpheme_like;edit_distance_1_from_lexicon
mor,old_middle_head_plus_coda_tail,1,2146,Ġmor,reject,exact_dictionary_word;edit_distance_1_from_lexicon
mud,old_middle_head_plus_coda_tail,1,17492,Ġmud,reject,exact_dictionary_word;edit_distance_1_from_lexicon
nab,old_middle_head_plus_coda_tail,1,47822,Ġnab,reject,exact_dictionary_word;edit_distance_1_from_lexicon
nas,old_middle_head_plus_coda_tail,1,25221,Ġnas,reject,suffix_like;edit_distance_1_from_lexicon
ned,old_middle_head_plus_coda_tail,2,,Ġn ed,reject,not_one_gpt2_token;token_surface_mismatch;exact_dictionary_word;suffix_like;edit_distance_1_from_lexicon
nek,old_middle_head_plus_coda_tail,2,,Ġne k,reject,not_one_gpt2_token;token_surface_mismatch;edit_distance_1_from_lexicon
nel,old_middle_head_plus_coda_tail,2,,Ġn el,reject,not_one_gpt2_token;token_surface_mismatch;edit_distance_1_from_lexicon
nil,old_middle_head_plus_coda_tail,1,18038,Ġnil,reject,exact_dictionary_word;edit_distance_1_from_lexicon
nim,old_middle_head_plus_coda_tail,2,,Ġn im,reject,not_one_gpt2_token;token_surface_mismatch;exact_dictionary_word;edit_distance_1_from_lexicon
nir,old_middle_head_plus_coda_tail,2,,Ġn ir,reject,not_one_gpt2_token;token_surface_mismatch;edit_distance_1_from_lexicon
nol,old_middle_head_plus_coda_tail,2,,Ġn ol,reject,not_one_gpt2_token;token_surface_mismatch;edit_distance_1_from_lexicon
nor,old_middle_head_plus_coda_tail,1,4249,Ġnor,reject,exact_dictionary_word;edit_distance_1_from_lexicon
nul,old_middle_head_plus_coda_tail,2,,Ġn ul,reject,not_one_gpt2_token;token_surface_mismatch;exact_dictionary_word;edit_distance_1_from_lexicon
nur,old_middle_head_plus_coda_tail,2,,Ġn ur,reject,not_one_gpt2_token;token_surface_mismatch;edit_distance_1_from_lexicon
pab,old_middle_head_plus_coda_tail,2,,Ġp ab,reject,not_one_gpt2_token;token_surface_mismatch;edit_distance_1_from_lexicon
pas,old_middle_head_plus_coda_tail,1,38836,Ġpas,reject,suffix_like;edit_distance_1_from_lexicon
ped,old_middle_head_plus_coda_tail,1,7190,Ġped,reject,exact_dictionary_word;suffix_like;edit_distance_1_from_lexicon
pef,old_middle_head_plus_coda_tail,2,,Ġpe f,reject,not_one_gpt2_token;token_surface_mismatch;edit_distance_1_from_lexicon
pek,old_middle_head_plus_coda_tail,2,,Ġpe k,reject,not_one_gpt2_token;token_surface_mismatch;edit_distance_1_from_lexicon
pim,old_middle_head_plus_coda_tail,1,49319,Ġpim,reject,exact_dictionary_word;edit_distance_1_from_lexicon
pin,old_middle_head_plus_coda_tail,1,6757,Ġpin,reject,exact_dictionary_word;edit_distance_1_from_lexicon
pir,old_middle_head_plus_coda_tail,1,12276,Ġpir,reject,exact_dictionary_word;edit_distance_1_from_lexicon
pol,old_middle_head_plus_coda_tail,1,755,Ġpol,reject,exact_dictionary_word;edit_distance_1_from_lexicon
pom,old_middle_head_plus_coda_tail,2,,Ġp om,reject,not_one_gpt2_token;token_surface_mismatch;exact_dictionary_word;edit_distance_1_from_lexicon
pud,old_middle_head_plus_coda_tail,2,,Ġp ud,reject,not_one_gpt2_token;token_surface_mismatch;exact_dictionary_word;edit_distance_1_from_lexicon
pul,old_middle_head_plus_coda_tail,1,17472,Ġpul,reject,exact_dictionary_word;edit_distance_1_from_lexicon
pur,old_middle_head_plus_coda_tail,1,1308,Ġpur,reject,exact_dictionary_word;edit_distance_1_from_lexicon
ras,old_middle_head_plus_coda_tail,2,,Ġr as,reject,not_one_gpt2_token;token_surface_mismatch;exact_dictionary_word;suffix_like;edit_distance_1_from_lexicon
red,old_middle_head_plus_coda_tail,1,2266,Ġred,reject,exact_dictionary_word;suffix_like;edit_distance_1_from_lexicon
ref,old_middle_head_plus_coda_tail,1,1006,Ġref,reject,exact_dictionary_word;edit_distance_1_from_lexicon
rek,old_middle_head_plus_coda_tail,2,,Ġre k,reject,not_one_gpt2_token;token_surface_mismatch;edit_distance_1_from_lexicon
rel,old_middle_head_plus_coda_tail,1,823,Ġrel,reject,exact_dictionary_word;edit_distance_1_from_lexicon
ril,old_middle_head_plus_coda_tail,2,,Ġr il,reject,not_one_gpt2_token;token_surface_mismatch;edit_distance_1_from_lexicon
rim,old_middle_head_plus_coda_tail,1,20254,Ġrim,reject,exact_dictionary_word;edit_distance_1_from_lexicon
rin,old_middle_head_plus_coda_tail,2,,Ġr in,reject,not_one_gpt2_token;token_surface_mismatch;edit_distance_1_from_lexicon
rir,old_middle_head_plus_coda_tail,2,,Ġr ir,reject,not_one_gpt2_token;token_surface_mismatch;edit_distance_1_from_lexicon
rol,old_middle_head_plus_coda_tail,2,,Ġro l,reject,not_one_gpt2_token;token_surface_mismatch;edit_distance_1_from_lexicon
ror,old_middle_head_plus_coda_tail,2,,Ġr or,reject,not_one_gpt2_token;token_surface_mismatch;edit_distance_1_from_lexicon
rur,old_middle_head_plus_coda_tail,2,,Ġr ur,reject,not_one_gpt2_token;token_surface_mismatch;edit_distance_1_from_lexicon
sab,old_middle_head_plus_coda_tail,1,17463,Ġsab,reject,exact_dictionary_word;edit_distance_1_from_lexicon
sas,old_middle_head_plus_coda_tail,2,,Ġs as,reject,not_one_gpt2_token;token_surface_mismatch;suffix_like;edit_distance_1_from_lexicon
sed,old_middle_head_plus_coda_tail,1,10081,Ġsed,reject,suffix_like;edit_distance_1_from_lexicon
sef,old_middle_head_plus_coda_tail,2,,Ġse f,reject,not_one_gpt2_token;token_surface_mismatch;edit_distance_1_from_lexicon
sek,old_middle_head_plus_coda_tail,2,,Ġse k,reject,not_one_gpt2_token;token_surface_mismatch;edit_distance_1_from_lexicon
sil,old_middle_head_plus_coda_tail,1,3313,Ġsil,reject,exact_dictionary_word;edit_distance_1_from_lexicon
sim,old_middle_head_plus_coda_tail,1,985,Ġsim,reject,exact_dictionary_word;edit_distance_1_from_lexicon
sin,old_middle_head_plus_coda_tail,1,7813,Ġsin,reject,exact_dictionary_word;edit_distance_1_from_lexicon
sir,old_middle_head_plus_coda_tail,1,15967,Ġsir,reject,exact_dictionary_word;edit_distance_1_from_lexicon
sol,old_middle_head_plus_coda_tail,1,1540,Ġsol,reject,exact_dictionary_word;edit_distance_1_from_lexicon
sud,old_middle_head_plus_coda_tail,2,,Ġsu d,reject,not_one_gpt2_token;token_surface_mismatch;exact_dictionary_word;edit_distance_1_from_lexicon
sur,old_middle_head_plus_coda_tail,1,969,Ġsur,reject,exact_dictionary_word;edit_distance_1_from_lexicon
tab,old_middle_head_plus_coda_tail,1,7400,Ġtab,reject,exact_dictionary_word;edit_distance_1_from_lexicon
tav,old_middle_head_plus_coda_tail,2,,Ġt av,reject,not_one_gpt2_token;token_surface_mismatch;exact_dictionary_word;edit_distance_1_from_lexicon
ted,old_middle_head_plus_coda_tail,1,28501,Ġted,reject,exact_dictionary_word;suffix_like;edit_distance_1_from_lexicon
tef,old_middle_head_plus_coda_tail,2,,Ġte f,reject,not_one_gpt2_token;token_surface_mismatch;edit_distance_1_from_lexicon
tek,old_middle_head_plus_coda_tail,2,,Ġte k,reject,not_one_gpt2_token;token_surface_mismatch;edit_distance_1_from_lexicon
til,old_middle_head_plus_coda_tail,1,21502,Ġtil,reject,exact_dictionary_word;edit_distance_1_from_lexicon
tim,old_middle_head_plus_coda_tail,1,4628,Ġtim,reject,exact_dictionary_word;edit_distance_1_from_lexicon
tin,old_middle_head_plus_coda_tail,1,19783,Ġtin,reject,exact_dictionary_word;edit_distance_1_from_lexicon
tol,old_middle_head_plus_coda_tail,2,,Ġto l,reject,not_one_gpt2_token;token_surface_mismatch;exact_dictionary_word;edit_distance_1_from_lexicon
tom,old_middle_head_plus_coda_tail,1,16667,Ġtom,reject,exact_dictionary_word;edit_distance_1_from_lexicon
tor,old_middle_head_plus_coda_tail,1,7332,Ġtor,reject,exact_dictionary_word;edit_distance_1_from_lexicon
tud,old_middle_head_plus_coda_tail,2,,Ġt ud,reject,not_one_gpt2_token;token_surface_mismatch;edit_distance_1_from_lexicon
tur,old_middle_head_plus_coda_tail,1,7858,Ġtur,reject,exact_dictionary_word;edit_distance_1_from_lexicon
vab,old_middle_head_plus_coda_tail,2,,Ġv ab,reject,not_one_gpt2_token;token_surface_mismatch;edit_distance_1_from_lexicon
vas,old_middle_head_plus_coda_tail,1,34439,Ġvas,reject,exact_dictionary_word;suffix_like;edit_distance_1_from_lexicon
vav,old_middle_head_plus_coda_tail,2,,Ġv av,reject,not_one_gpt2_token;token_surface_mismatch;edit_distance_1_from_lexicon
ved,old_middle_head_plus_coda_tail,2,,Ġv ed,reject,not_one_gpt2_token;token_surface_mismatch;suffix_like;edit_distance_1_from_lexicon
vef,old_middle_head_plus_coda_tail,2,,Ġve f,reject,not_one_gpt2_token;token_surface_mismatch;edit_distance_1_from_lexicon
vek,old_middle_head_plus_coda_tail,2,,Ġve k,reject,not_one_gpt2_token;token_surface_mismatch;edit_distance_1_from_lexicon
vim,old_middle_head_plus_coda_tail,1,43907,Ġvim,reject,exact_dictionary_word;edit_distance_1_from_lexicon
vin,old_middle_head_plus_coda_tail,2,,Ġv in,reject,not_one_gpt2_token;token_surface_mismatch;edit_distance_1_from_lexicon
vol,old_middle_head_plus_coda_tail,1,2322,Ġvol,reject,exact_dictionary_word;edit_distance_1_from_lexicon
vor,old_middle_head_plus_coda_tail,2,,Ġv or,reject,not_one_gpt2_token;token_surface_mismatch;edit_distance_1_from_lexicon
vud,old_middle_head_plus_coda_tail,2,,Ġv ud,reject,not_one_gpt2_token;token_surface_mismatch;edit_distance_1_from_lexicon
vur,old_middle_head_plus_coda_tail,2,,Ġv ur,reject,not_one_gpt2_token;token_surface_mismatch;edit_distance_1_from_lexicon
zab,old_middle_head_plus_coda_tail,2,,Ġz ab,reject,not_one_gpt2_token;token_surface_mismatch;edit_distance_1_from_lexicon
zas,old_middle_head_plus_coda_tail,2,,Ġz as,reject,not_one_gpt2_token;token_surface_mismatch;suffix_like;edit_distance_1_from_lexicon
zav,old_middle_head_plus_coda_tail,2,,Ġz av,reject,not_one_gpt2_token;token_surface_mismatch;edit_distance_1_from_lexicon
zed,old_middle_head_plus_coda_tail,2,,Ġz ed,reject,not_one_gpt2_token;token_surface_mismatch;exact_dictionary_word;suffix_like;edit_distance_1_from_lexicon
zef,old_middle_head_plus_coda_tail,2,,Ġz ef,reject,not_one_gpt2_token;token_surface_mismatch;edit_distance_1_from_lexicon
zek,old_middle_head_plus_coda_tail,2,,Ġz ek,reject,not_one_gpt2_token;token_surface_mismatch;edit_distance_1_from_lexicon
zel,old_middle_head_plus_coda_tail,2,,Ġz el,reject,not_one_gpt2_token;token_surface_mismatch;exact_dictionary_word;edit_distance_1_from_lexicon
zil,old_middle_head_plus_coda_tail,2,,Ġz il,reject,not_one_gpt2_token;token_surface_mismatch;edit_distance_1_from_lexicon
zim,old_middle_head_plus_coda_tail,2,,Ġz im,reject,not_one_gpt2_token;token_surface_mismatch;edit_distance_1_from_lexicon
zin,old_middle_head_plus_coda_tail,2,,Ġz in,reject,not_one_gpt2_token;token_surface_mismatch;edit_distance_1_from_lexicon
zol,old_middle_head_plus_coda_tail,2,,Ġz ol,reject,not_one_gpt2_token;token_surface_mismatch;edit_distance_1_from_lexicon
zom,old_middle_head_plus_coda_tail,2,,Ġz om,reject,not_one_gpt2_token;token_surface_mismatch;edit_distance_1_from_lexicon
zor,old_middle_head_plus_coda_tail,2,,Ġz or,reject,not_one_gpt2_token;token_surface_mismatch;edit_distance_1_from_lexicon
zud,old_middle_head_plus_coda_tail,2,,Ġz ud,reject,not_one_gpt2_token;token_surface_mismatch;edit_distance_1_from_lexicon
zul,old_middle_head_plus_coda_tail,2,,Ġz ul,reject,not_one_gpt2_token;token_surface_mismatch;edit_distance_1_from_lexicon
zur,old_middle_head_plus_coda_tail,2,,Ġz ur,reject,not_one_gpt2_token;token_surface_mismatch;edit_distance_1_from_lexicon
brb,old_onset_head_plus_middle_tail,2,,Ġbr b,reject,not_one_gpt2_token;token_surface_mismatch;edit_distance_1_from_lexicon
brd,old_onset_head_plus_middle_tail,2,,Ġbr d,reject,not_one_gpt2_token;token_surface_mismatch;edit_distance_1_from_lexicon
brf,old_onset_head_plus_middle_tail,2,,Ġbr f,reject,not_one_gpt2_token;token_surface_mismatch;edit_distance_1_from_lexicon
brk,old_onset_head_plus_middle_tail,2,,Ġbr k,reject,not_one_gpt2_token;token_surface_mismatch;edit_distance_1_from_lexicon
brl,old_onset_head_plus_middle_tail,2,,Ġbr l,reject,not_one_gpt2_token;token_surface_mismatch;edit_distance_1_from_lexicon
brm,old_onset_head_plus_middle_tail,2,,Ġbr m,reject,not_one_gpt2_token;token_surface_mismatch;edit_distance_1_from_lexicon
brr,old_onset_head_plus_middle_tail,2,,Ġbr r,reject,not_one_gpt2_token;token_surface_mismatch;edit_distance_1_from_lexicon
drb,old_onset_head_plus_middle_tail,2,,Ġdr b,reject,not_one_gpt2_token;token_surface_mismatch;edit_distance_1_from_lexicon
drd,old_onset_head_plus_middle_tail,2,,Ġdr d,reject,not_one_gpt2_token;token_surface_mismatch;edit_distance_1_from_lexicon
drf,old_onset_head_plus_middle_tail,2,,Ġdr f,reject,not_one_gpt2_token;token_surface_mismatch;edit_distance_1_from_lexicon
drk,old_onset_head_plus_middle_tail,2,,Ġdr k,reject,not_one_gpt2_token;token_surface_mismatch;edit_distance_1_from_lexicon
drl,old_onset_head_plus_middle_tail,2,,Ġdr l,reject,not_one_gpt2_token;token_surface_mismatch;edit_distance_1_from_lexicon
drm,old_onset_head_plus_middle_tail,2,,Ġdr m,reject,not_one_gpt2_token;token_surface_mismatch;edit_distance_1_from_lexicon
drr,old_onset_head_plus_middle_tail,2,,Ġdr r,reject,not_one_gpt2_token;token_surface_mismatch;edit_distance_1_from_lexicon
frb,old_onset_head_plus_middle_tail,2,,Ġfr b,reject,not_one_gpt2_token;token_surface_mismatch;edit_distance_1_from_lexicon
frd,old_onset_head_plus_middle_tail,2,,Ġfr d,reject,not_one_gpt2_token;token_surface_mismatch;edit_distance_1_from_lexicon
frf,old_onset_head_plus_middle_tail,2,,Ġfr f,reject,not_one_gpt2_token;token_surface_mismatch;edit_distance_1_from_lexicon
frk,old_onset_head_plus_middle_tail,2,,Ġfr k,reject,not_one_gpt2_token;token_surface_mismatch;edit_distance_1_from_lexicon
frl,old_onset_head_plus_middle_tail,2,,Ġfr l,reject,not_one_gpt2_token;token_surface_mismatch;edit_distance_1_from_lexicon
frm,old_onset_head_plus_middle_tail,2,,Ġfr m,reject,not_one_gpt2_token;token_surface_mismatch;edit_distance_1_from_lexicon
frr,old_onset_head_plus_middle_tail,2,,Ġfr r,reject,not_one_gpt2_token;token_surface_mismatch;edit_distance_1_from_lexicon
grb,old_onset_head_plus_middle_tail,2,,Ġgr b,reject,not_one_gpt2_token;token_surface_mismatch;edit_distance_1_from_lexicon
grd,old_onset_head_plus_middle_tail,2,,Ġgr d,reject,not_one_gpt2_token;token_surface_mismatch;edit_distance_1_from_lexicon
grf,old_onset_head_plus_middle_tail,2,,Ġgr f,reject,not_one_gpt2_token;token_surface_mismatch;edit_distance_1_from_lexicon
grk,old_onset_head_plus_middle_tail,2,,Ġgr k,reject,not_one_gpt2_token;token_surface_mismatch;edit_distance_1_from_lexicon
grl,old_onset_head_plus_middle_tail,2,,Ġgr l,reject,not_one_gpt2_token;token_surface_mismatch;edit_distance_1_from_lexicon
grm,old_onset_head_plus_middle_tail,2,,Ġgr m,reject,not_one_gpt2_token;token_surface_mismatch;edit_distance_1_from_lexicon
grr,old_onset_head_plus_middle_tail,2,,Ġgr r,reject,not_one_gpt2_token;token_surface_mismatch;exact_dictionary_word;edit_distance_1_from_lexicon
klb,old_onset_head_plus_middle_tail,2,,Ġk lb,reject,not_one_gpt2_token;token_surface_mismatch;edit_distance_1_from_lexicon
kld,old_onset_head_plus_middle_tail,2,,Ġk ld,reject,not_one_gpt2_token;token_surface_mismatch;edit_distance_1_from_lexicon
klf,old_onset_head_plus_middle_tail,2,,Ġk lf,reject,not_one_gpt2_token;token_surface_mismatch;edit_distance_1_from_lexicon
klk,old_onset_head_plus_middle_tail,3,,Ġk l k,reject,not_one_gpt2_token;token_surface_mismatch;edit_distance_1_from_lexicon
kll,old_onset_head_plus_middle_tail,2,,Ġk ll,reject,not_one_gpt2_token;token_surface_mismatch;edit_distance_1_from_lexicon
klm,old_onset_head_plus_middle_tail,3,,Ġk l m,reject,not_one_gpt2_token;token_surface_mismatch;edit_distance_1_from_lexicon
klr,old_onset_head_plus_middle_tail,2,,Ġk lr,reject,not_one_gpt2_token;token_surface_mismatch;edit_distance_1_from_lexicon
kvb,old_onset_head_plus_middle_tail,3,,Ġk v b,reject,not_one_gpt2_token;token_surface_mismatch;edit_distance_1_from_lexicon
kvd,old_onset_head_plus_middle_tail,2,,Ġk vd,reject,not_one_gpt2_token;token_surface_mismatch;edit_distance_1_from_lexicon
kvf,old_onset_head_plus_middle_tail,3,,Ġk v f,reject,not_one_gpt2_token;token_surface_mismatch;edit_distance_1_from_lexicon
kvk,old_onset_head_plus_middle_tail,3,,Ġk v k,reject,not_one_gpt2_token;token_surface_mismatch
kvl,old_onset_head_plus_middle_tail,2,,Ġk vl,reject,not_one_gpt2_token;token_surface_mismatch;edit_distance_1_from_lexicon
kvm,old_onset_head_plus_middle_tail,2,,Ġk vm,reject,not_one_gpt2_token;token_surface_mismatch;edit_distance_1_from_lexicon
kvr,old_onset_head_plus_middle_tail,2,,Ġk vr,reject,not_one_gpt2_token;token_surface_mismatch;edit_distance_1_from_lexicon
mnb,old_onset_head_plus_middle_tail,2,,Ġm nb,reject,not_one_gpt2_token;token_surface_mismatch;edit_distance_1_from_lexicon
mnd,old_onset_head_plus_middle_tail,2,,Ġm nd,reject,not_one_gpt2_token;token_surface_mismatch;edit_distance_1_from_lexicon
mnf,old_onset_head_plus_middle_tail,3,,Ġm n f,reject,not_one_gpt2_token;token_surface_mismatch
mnk,old_onset_head_plus_middle_tail,3,,Ġm n k,reject,not_one_gpt2_token;token_surface_mismatch;edit_distance_1_from_lexicon
mnl,old_onset_head_plus_middle_tail,2,,Ġm nl,reject,not_one_gpt2_token;token_surface_mismatch;edit_distance_1_from_lexicon
mnm,old_onset_head_plus_middle_tail,2,,Ġm nm,reject,not_one_gpt2_token;token_surface_mismatch;edit_distance_1_from_lexicon
mnr,old_onset_head_plus_middle_tail,2,,Ġm nr,reject,not_one_gpt2_token;token_surface_mismatch;edit_distance_1_from_lexicon
plb,old_onset_head_plus_middle_tail,2,,Ġpl b,reject,not_one_gpt2_token;token_surface_mismatch;edit_distance_1_from_lexicon
pld,old_onset_head_plus_middle_tail,2,,Ġp ld,reject,not_one_gpt2_token;token_surface_mismatch;edit_distance_1_from_lexicon
plf,old_onset_head_plus_middle_tail,2,,Ġpl f,reject,not_one_gpt2_token;token_surface_mismatch;edit_distance_1_from_lexicon
plk,old_onset_head_plus_middle_tail,2,,Ġpl k,reject,not_one_gpt2_token;token_surface_mismatch;edit_distance_1_from_lexicon
pll,old_onset_head_plus_middle_tail,2,,Ġp ll,reject,not_one_gpt2_token;token_surface_mismatch;edit_distance_1_from_lexicon
plm,old_onset_head_plus_middle_tail,2,,Ġpl m,reject,not_one_gpt2_token;token_surface_mismatch;edit_distance_1_from_lexicon
plr,old_onset_head_plus_middle_tail,2,,Ġpl r,reject,not_one_gpt2_token;token_surface_mismatch;edit_distance_1_from_lexicon
pnb,old_onset_head_plus_middle_tail,2,,Ġp nb,reject,not_one_gpt2_token;token_surface_mismatch;edit_distance_1_from_lexicon
pnd,old_onset_head_plus_middle_tail,2,,Ġp nd,reject,not_one_gpt2_token;token_surface_mismatch;edit_distance_1_from_lexicon
pnf,old_onset_head_plus_middle_tail,3,,Ġp n f,reject,not_one_gpt2_token;token_surface_mismatch
pnk,old_onset_head_plus_middle_tail,3,,Ġp n k,reject,not_one_gpt2_token;token_surface_mismatch;edit_distance_1_from_lexicon
pnl,old_onset_head_plus_middle_tail,2,,Ġp nl,reject,not_one_gpt2_token;token_surface_mismatch;edit_distance_1_from_lexicon
pnm,old_onset_head_plus_middle_tail,2,,Ġp nm,reject,not_one_gpt2_token;token_surface_mismatch;edit_distance_1_from_lexicon
pnr,old_onset_head_plus_middle_tail,2,,Ġp nr,reject,not_one_gpt2_token;token_surface_mismatch;edit_distance_1_from_lexicon
skb,old_onset_head_plus_middle_tail,2,,Ġsk b,reject,not_one_gpt2_token;token_surface_mismatch;edit_distance_1_from_lexicon
skd,old_onset_head_plus_middle_tail,2,,Ġsk d,reject,not_one_gpt2_token;token_surface_mismatch;edit_distance_1_from_lexicon
skf,old_onset_head_plus_middle_tail,2,,Ġsk f,reject,not_one_gpt2_token;token_surface_mismatch;edit_distance_1_from_lexicon
skk,old_onset_head_plus_middle_tail,2,,Ġsk k,reject,not_one_gpt2_token;token_surface_mismatch;edit_distance_1_from_lexicon
skl,old_onset_head_plus_middle_tail,2,,Ġsk l,reject,not_one_gpt2_token;token_surface_mismatch;edit_distance_1_from_lexicon
skm,old_onset_head_plus_middle_tail,2,,Ġsk m,reject,not_one_gpt2_token;token_surface_mismatch;edit_distance_1_from_lexicon
skr,old_onset_head_plus_middle_tail,2,,Ġsk r,reject,not_one_gpt2_token;token_surface_mismatch;edit_distance_1_from_lexicon
smb,old_onset_head_plus_middle_tail,2,,Ġsm b,reject,not_one_gpt2_token;token_surface_mismatch;edit_distance_1_from_lexicon
smd,old_onset_head_plus_middle_tail,2,,Ġsm d,reject,not_one_gpt2_token;token_surface_mismatch;edit_distance_1_from_lexicon
smf,old_onset_head_plus_middle_tail,2,,Ġsm f,reject,not_one_gpt2_token;token_surface_mismatch;edit_distance_1_from_lexicon
smk,old_onset_head_plus_middle_tail,2,,Ġsm k,reject,not_one_gpt2_token;token_surface_mismatch;edit_distance_1_from_lexicon
sml,old_onset_head_plus_middle_tail,2,,Ġsm l,reject,not_one_gpt2_token;token_surface_mismatch;edit_distance_1_from_lexicon
smm,old_onset_head_plus_middle_tail,2,,Ġsm m,reject,not_one_gpt2_token;token_surface_mismatch;edit_distance_1_from_lexicon
smr,old_onset_head_plus_middle_tail,2,,Ġsm r,reject,not_one_gpt2_token;token_surface_mismatch;edit_distance_1_from_lexicon
tlb,old_onset_head_plus_middle_tail,2,,Ġt lb,reject,not_one_gpt2_token;token_surface_mismatch;edit_distance_1_from_lexicon
tld,old_onset_head_plus_middle_tail,2,,Ġt ld,reject,not_one_gpt2_token;token_surface_mismatch;edit_distance_1_from_lexicon
tlf,old_onset_head_plus_middle_tail,2,,Ġt lf,reject,not_one_gpt2_token;token_surface_mismatch;edit_distance_1_from_lexicon
tlk,old_onset_head_plus_middle_tail,3,,Ġt l k,reject,not_one_gpt2_token;token_surface_mismatch;edit_distance_1_from_lexicon
tll,old_onset_head_plus_middle_tail,2,,Ġt ll,reject,not_one_gpt2_token;token_surface_mismatch;edit_distance_1_from_lexicon
tlm,old_onset_head_plus_middle_tail,3,,Ġt l m,reject,not_one_gpt2_token;token_surface_mismatch;edit_distance_1_from_lexicon
tlr,old_onset_head_plus_middle_tail,2,,Ġt lr,reject,not_one_gpt2_token;token_surface_mismatch;edit_distance_1_from_lexicon
vrb,old_onset_head_plus_middle_tail,2,,Ġv rb,reject,not_one_gpt2_token;token_surface_mismatch;edit_distance_1_from_lexicon
vrd,old_onset_head_plus_middle_tail,2,,Ġv rd,reject,not_one_gpt2_token;token_surface_mismatch;edit_distance_1_from_lexicon
vrf,old_onset_head_plus_middle_tail,2,,Ġv rf,reject,not_one_gpt2_token;token_surface_mismatch;edit_distance_1_from_lexicon
vrk,old_onset_head_plus_middle_tail,3,,Ġv r k,reject,not_one_gpt2_token;token_surface_mismatch;edit_distance_1_from_lexicon
vrl,old_onset_head_plus_middle_tail,2,,Ġv rl,reject,not_one_gpt2_token;token_surface_mismatch;edit_distance_1_from_lexicon
vrm,old_onset_head_plus_middle_tail,2,,Ġv rm,reject,not_one_gpt2_token;token_surface_mismatch;edit_distance_1_from_lexicon
vrr,old_onset_head_plus_middle_tail,2,,Ġv rr,reject,not_one_gpt2_token;token_surface_mismatch;edit_distance_1_from_lexicon
zlb,old_onset_head_plus_middle_tail,2,,Ġz lb,reject,not_one_gpt2_token;token_surface_mismatch;edit_distance_1_from_lexicon
zld,old_onset_head_plus_middle_tail,2,,Ġz ld,reject,not_one_gpt2_token;token_surface_mismatch;edit_distance_1_from_lexicon
zlf,old_onset_head_plus_middle_tail,2,,Ġz lf,reject,not_one_gpt2_token;token_surface_mismatch;edit_distance_1_from_lexicon
zlk,old_onset_head_plus_middle_tail,3,,Ġz l k,reject,not_one_gpt2_token;token_surface_mismatch;edit_distance_1_from_lexicon
zll,old_onset_head_plus_middle_tail,2,,Ġz ll,reject,not_one_gpt2_token;token_surface_mismatch;edit_distance_1_from_lexicon
zlm,old_onset_head_plus_middle_tail,3,,Ġz l m,reject,not_one_gpt2_token;token_surface_mismatch;edit_distance_1_from_lexicon
zlr,old_onset_head_plus_middle_tail,2,,Ġz lr,reject,not_one_gpt2_token;token_surface_mismatch;edit_distance_1_from_lexicon
zrb,old_onset_head_plus_middle_tail,2,,Ġz rb,reject,not_one_gpt2_token;token_surface_mismatch;edit_distance_1_from_lexicon
zrd,old_onset_head_plus_middle_tail,2,,Ġz rd,reject,not_one_gpt2_token;token_surface_mismatch;edit_distance_1_from_lexicon
zrf,old_onset_head_plus_middle_tail,2,,Ġz rf,reject,not_one_gpt2_token;token_surface_mismatch;edit_distance_1_from_lexicon
zrk,old_onset_head_plus_middle_tail,3,,Ġz r k,reject,not_one_gpt2_token;token_surface_mismatch;edit_distance_1_from_lexicon
zrl,old_onset_head_plus_middle_tail,2,,Ġz rl,reject,not_one_gpt2_token;token_surface_mismatch;edit_distance_1_from_lexicon
zrm,old_onset_head_plus_middle_tail,2,,Ġz rm,reject,not_one_gpt2_token;token_surface_mismatch;edit_distance_1_from_lexicon
zrr,old_onset_head_plus_middle_tail,2,,Ġz rr,reject,not_one_gpt2_token;token_surface_mismatch;edit_distance_1_from_lexicon
briab,old_onset_plus_coda_tail,2,,Ġbri ab,reject,not_one_gpt2_token;token_surface_mismatch;edit_distance_1_from_lexicon
brias,old_onset_plus_coda_tail,2,,Ġbri as,reject,not_one_gpt2_token;token_surface_mismatch;suffix_like;edit_distance_1_from_lexicon
briav,old_onset_plus_coda_tail,2,,Ġbri av,reject,not_one_gpt2_token;token_surface_mismatch;edit_distance_1_from_lexicon
bried,old_onset_plus_coda_tail,2,,Ġb ried,reject,not_one_gpt2_token;token_surface_mismatch;suffix_like;edit_distance_1_from_lexicon
brief,old_onset_plus_coda_tail,1,4506,Ġbrief,reject,exact_dictionary_word;edit_distance_1_from_lexicon
briek,old_onset_plus_coda_tail,2,,Ġbri ek,reject,not_one_gpt2_token;token_surface_mismatch;edit_distance_1_from_lexicon
briel,old_onset_plus_coda_tail,2,,Ġb riel,reject,not_one_gpt2_token;token_surface_mismatch;edit_distance_1_from_lexicon
briil,old_onset_plus_coda_tail,2,,Ġbri il,reject,not_one_gpt2_token;token_surface_mismatch;edit_distance_1_from_lexicon
briim,old_onset_plus_coda_tail,2,,Ġbri im,reject,not_one_gpt2_token;token_surface_mismatch;edit_distance_1_from_lexicon
briin,old_onset_plus_coda_tail,2,,Ġbri in,reject,not_one_gpt2_token;token_surface_mismatch;edit_distance_1_from_lexicon
briir,old_onset_plus_coda_tail,2,,Ġbri ir,reject,not_one_gpt2_token;token_surface_mismatch;edit_distance_1_from_lexicon
briol,old_onset_plus_coda_tail,2,,Ġbri ol,reject,not_one_gpt2_token;token_surface_mismatch;edit_distance_1_from_lexicon
briom,old_onset_plus_coda_tail,2,,Ġbri om,reject,not_one_gpt2_token;token_surface_mismatch;edit_distance_1_from_lexicon
brior,old_onset_plus_coda_tail,2,,Ġb rior,reject,not_one_gpt2_token;token_surface_mismatch;edit_distance_1_from_lexicon
briud,old_onset_plus_coda_tail,2,,Ġbri ud,reject,not_one_gpt2_token;token_surface_mismatch
briul,old_onset_plus_coda_tail,2,,Ġbri ul,reject,not_one_gpt2_token;token_surface_mismatch;edit_distance_1_from_lexicon
briur,old_onset_plus_coda_tail,2,,Ġbri ur,reject,not_one_gpt2_token;token_surface_mismatch;edit_distance_1_from_lexicon
druab,old_onset_plus_coda_tail,2,,Ġdru ab,reject,not_one_gpt2_token;token_surface_mismatch;edit_distance_1_from_lexicon
druas,old_onset_plus_coda_tail,2,,Ġdru as,reject,not_one_gpt2_token;token_surface_mismatch;suffix_like;edit_distance_1_from_lexicon
druav,old_onset_plus_coda_tail,2,,Ġdru av,reject,not_one_gpt2_token;token_surface_mismatch
drued,old_onset_plus_coda_tail,2,,Ġd rued,reject,not_one_gpt2_token;token_surface_mismatch;suffix_like;edit_distance_1_from_lexicon
druef,old_onset_plus_coda_tail,3,,Ġdr ue f,reject,not_one_gpt2_token;token_surface_mismatch
druek,old_onset_plus_coda_tail,3,,Ġdr ue k,reject,not_one_gpt2_token;token_surface_mismatch;edit_distance_1_from_lexicon
druel,old_onset_plus_coda_tail,2,,Ġdru el,reject,not_one_gpt2_token;token_surface_mismatch;edit_distance_1_from_lexicon
druil,old_onset_plus_coda_tail,2,,Ġdru il,reject,not_one_gpt2_token;token_surface_mismatch;edit_distance_1_from_lexicon
druim,old_onset_plus_coda_tail,2,,Ġdru im,reject,not_one_gpt2_token;token_surface_mismatch;edit_distance_1_from_lexicon
druin,old_onset_plus_coda_tail,2,,Ġdru in,reject,not_one_gpt2_token;token_surface_mismatch;edit_distance_1_from_lexicon
druir,old_onset_plus_coda_tail,2,,Ġdru ir,reject,not_one_gpt2_token;token_surface_mismatch;edit_distance_1_from_lexicon
druol,old_onset_plus_coda_tail,2,,Ġdru ol,reject,not_one_gpt2_token;token_surface_mismatch;edit_distance_1_from_lexicon
druom,old_onset_plus_coda_tail,2,,Ġdru om,reject,not_one_gpt2_token;token_surface_mismatch;edit_distance_1_from_lexicon
druor,old_onset_plus_coda_tail,2,,Ġdru or,reject,not_one_gpt2_token;token_surface_mismatch;edit_distance_1_from_lexicon
druud,old_onset_plus_coda_tail,2,,Ġdru ud,reject,not_one_gpt2_token;token_surface_mismatch;edit_distance_1_from_lexicon
druul,old_onset_plus_coda_tail,2,,Ġdru ul,reject,not_one_gpt2_token;token_surface_mismatch
druur,old_onset_plus_coda_tail,2,,Ġdru ur,reject,not_one_gpt2_token;token_surface_mismatch
fraab,old_onset_plus_coda_tail,2,,Ġfra ab,reject,not_one_gpt2_token;token_surface_mismatch;edit_distance_1_from_lexicon
fraas,old_onset_plus_coda_tail,2,,Ġfra as,reject,not_one_gpt2_token;token_surface_mismatch;suffix_like;edit_distance_1_from_lexicon
fraav,old_onset_plus_coda_tail,2,,Ġfra av,reject,not_one_gpt2_token;token_surface_mismatch
fraed,old_onset_plus_coda_tail,2,,Ġfra ed,reject,not_one_gpt2_token;token_surface_mismatch;suffix_like;edit_distance_1_from_lexicon
fraef,old_onset_plus_coda_tail,2,,Ġfra ef,reject,not_one_gpt2_token;token_surface_mismatch;edit_distance_1_from_lexicon
fraek,old_onset_plus_coda_tail,2,,Ġfra ek,reject,not_one_gpt2_token;token_surface_mismatch;edit_distance_1_from_lexicon
frael,old_onset_plus_coda_tail,2,,Ġf rael,reject,not_one_gpt2_token;token_surface_mismatch;edit_distance_1_from_lexicon
frail,old_onset_plus_coda_tail,1,41890,Ġfrail,reject,exact_dictionary_word;edit_distance_1_from_lexicon
fraim,old_onset_plus_coda_tail,2,,Ġfra im,reject,not_one_gpt2_token;token_surface_mismatch;edit_distance_1_from_lexicon
frain,old_onset_plus_coda_tail,2,,Ġfr ain,reject,not_one_gpt2_token;token_surface_mismatch;edit_distance_1_from_lexicon
frair,old_onset_plus_coda_tail,2,,Ġfra ir,reject,not_one_gpt2_token;token_surface_mismatch;edit_distance_1_from_lexicon
fraol,old_onset_plus_coda_tail,2,,Ġfra ol,reject,not_one_gpt2_token;token_surface_mismatch;edit_distance_1_from_lexicon
fraom,old_onset_plus_coda_tail,2,,Ġfra om,reject,not_one_gpt2_token;token_surface_mismatch;edit_distance_1_from_lexicon
fraor,old_onset_plus_coda_tail,2,,Ġfra or,reject,not_one_gpt2_token;token_surface_mismatch
fraud,old_onset_plus_coda_tail,1,7394,Ġfraud,reject,exact_dictionary_word;edit_distance_1_from_lexicon
fraul,old_onset_plus_coda_tail,2,,Ġfra ul,reject,not_one_gpt2_token;token_surface_mismatch;edit_distance_1_from_lexicon
fraur,old_onset_plus_coda_tail,2,,Ġfra ur,reject,not_one_gpt2_token;token_surface_mismatch;edit_distance_1_from_lexicon
griab,old_onset_plus_coda_tail,2,,Ġgri ab,reject,not_one_gpt2_token;token_surface_mismatch;edit_distance_1_from_lexicon
grias,old_onset_plus_coda_tail,2,,Ġgri as,reject,not_one_gpt2_token;token_surface_mismatch;suffix_like;edit_distance_1_from_lexicon
griav,old_onset_plus_coda_tail,2,,Ġgri av,reject,not_one_gpt2_token;token_surface_mismatch
gried,old_onset_plus_coda_tail,2,,Ġg ried,reject,not_one_gpt2_token;token_surface_mismatch;suffix_like;edit_distance_1_from_lexicon
grief,old_onset_plus_coda_tail,1,18522,Ġgrief,reject,exact_dictionary_word;edit_distance_1_from_lexicon
griek,old_onset_plus_coda_tail,2,,Ġgri ek,reject,not_one_gpt2_token;token_surface_mismatch;edit_distance_1_from_lexicon
griel,old_onset_plus_coda_tail,2,,Ġgri el,reject,not_one_gpt2_token;token_surface_mismatch;edit_distance_1_from_lexicon
griil,old_onset_plus_coda_tail,2,,Ġgri il,reject,not_one_gpt2_token;token_surface_mismatch;edit_distance_1_from_lexicon
griim,old_onset_plus_coda_tail,2,,Ġgri im,reject,not_one_gpt2_token;token_surface_mismatch;edit_distance_1_from_lexicon
griin,old_onset_plus_coda_tail,2,,Ġgri in,reject,not_one_gpt2_token;token_surface_mismatch;edit_distance_1_from_lexicon
griir,old_onset_plus_coda_tail,2,,Ġgri ir,reject,not_one_gpt2_token;token_surface_mismatch
griol,old_onset_plus_coda_tail,2,,Ġgri ol,reject,not_one_gpt2_token;token_surface_mismatch;edit_distance_1_from_lexicon
griom,old_onset_plus_coda_tail,2,,Ġgri om,reject,not_one_gpt2_token;token_surface_mismatch;edit_distance_1_from_lexicon
grior,old_onset_plus_coda_tail,2,,Ġg rior,reject,not_one_gpt2_token;token_surface_mismatch;edit_distance_1_from_lexicon
griud,old_onset_plus_coda_tail,2,,Ġgri ud,reject,not_one_gpt2_token;token_surface_mismatch;edit_distance_1_from_lexicon
griul,old_onset_plus_coda_tail,2,,Ġgri ul,reject,not_one_gpt2_token;token_surface_mismatch;edit_distance_1_from_lexicon
griur,old_onset_plus_coda_tail,2,,Ġgri ur,reject,not_one_gpt2_token;token_surface_mismatch
kloab,old_onset_plus_coda_tail,3,,Ġk lo ab,reject,not_one_gpt2_token;token_surface_mismatch
kloas,old_onset_plus_coda_tail,3,,Ġk lo as,reject,not_one_gpt2_token;token_surface_mismatch;suffix_like;edit_distance_1_from_lexicon
kloav,old_onset_plus_coda_tail,3,,Ġk lo av,reject,not_one_gpt2_token;token_surface_mismatch
kloed,old_onset_plus_coda_tail,3,,Ġk lo ed,reject,not_one_gpt2_token;token_surface_mismatch;suffix_like;edit_distance_1_from_lexicon
kloef,old_onset_plus_coda_tail,3,,Ġk lo ef,reject,not_one_gpt2_token;token_surface_mismatch
kloek,old_onset_plus_coda_tail,3,,Ġk lo ek,reject,not_one_gpt2_token;token_surface_mismatch
kloel,old_onset_plus_coda_tail,3,,Ġk lo el,reject,not_one_gpt2_token;token_surface_mismatch;edit_distance_1_from_lexicon
kloil,old_onset_plus_coda_tail,3,,Ġk lo il,reject,not_one_gpt2_token;token_surface_mismatch;edit_distance_1_from_lexicon
kloim,old_onset_plus_coda_tail,3,,Ġk lo im,reject,not_one_gpt2_token;token_surface_mismatch;edit_distance_1_from_lexicon
kloin,old_onset_plus_coda_tail,3,,Ġk lo in,reject,not_one_gpt2_token;token_surface_mismatch;edit_distance_1_from_lexicon
kloir,old_onset_plus_coda_tail,3,,Ġk lo ir,reject,not_one_gpt2_token;token_surface_mismatch;edit_distance_1_from_lexicon
klool,old_onset_plus_coda_tail,3,,Ġk l ool,reject,not_one_gpt2_token;token_surface_mismatch
kloom,old_onset_plus_coda_tail,3,,Ġk l oom,reject,not_one_gpt2_token;token_surface_mismatch;edit_distance_1_from_lexicon
kloor,old_onset_plus_coda_tail,3,,Ġk l oor,reject,not_one_gpt2_token;token_surface_mismatch;edit_distance_1_from_lexicon
kloud,old_onset_plus_coda_tail,3,,Ġk l oud,reject,not_one_gpt2_token;token_surface_mismatch;edit_distance_1_from_lexicon
kloul,old_onset_plus_coda_tail,3,,Ġk l oul,reject,not_one_gpt2_token;token_surface_mismatch
klour,old_onset_plus_coda_tail,3,,Ġk l our,reject,not_one_gpt2_token;token_surface_mismatch;edit_distance_1_from_lexicon
kveab,old_onset_plus_coda_tail,3,,Ġk ve ab,reject,not_one_gpt2_token;token_surface_mismatch
kveas,old_onset_plus_coda_tail,3,,Ġk ve as,reject,not_one_gpt2_token;token_surface_mismatch;suffix_like
kveav,old_onset_plus_coda_tail,3,,Ġk ve av,reject,not_one_gpt2_token;token_surface_mismatch
kveed,old_onset_plus_coda_tail,3,,Ġk ve ed,reject,not_one_gpt2_token;token_surface_mismatch;suffix_like;edit_distance_1_from_lexicon
kveef,old_onset_plus_coda_tail,3,,Ġk ve ef,reject,not_one_gpt2_token;token_surface_mismatch
kveek,old_onset_plus_coda_tail,3,,Ġk ve ek,reject,not_one_gpt2_token;token_surface_mismatch;edit_distance_1_from_lexicon
kveel,old_onset_plus_coda_tail,3,,Ġk ve el,reject,not_one_gpt2_token;token_surface_mismatch;edit_distance_1_from_lexicon
kveil,old_onset_plus_coda_tail,3,,Ġk ve il,reject,not_one_gpt2_token;token_surface_mismatch;edit_distance_1_from_lexicon
kveim,old_onset_plus_coda_tail,3,,Ġk ve im,reject,not_one_gpt2_token;token_surface_mismatch
kvein,old_onset_plus_coda_tail,3,,Ġk ve in,reject,not_one_gpt2_token;token_surface_mismatch;edit_distance_1_from_lexicon
kveir,old_onset_plus_coda_tail,3,,Ġk ve ir,reject,not_one_gpt2_token;token_surface_mismatch
kveol,old_onset_plus_coda_tail,3,,Ġk ve ol,reject,not_one_gpt2_token;token_surface_mismatch
kveom,old_onset_plus_coda_tail,3,,Ġk ve om,reject,not_one_gpt2_token;token_surface_mismatch
kveor,old_onset_plus_coda_tail,3,,Ġk ve or,reject,not_one_gpt2_token;token_surface_mismatch
kveud,old_onset_plus_coda_tail,3,,Ġk ve ud,reject,not_one_gpt2_token;token_surface_mismatch
kveul,old_onset_plus_coda_tail,3,,Ġk ve ul,reject,not_one_gpt2_token;token_surface_mismatch
kveur,old_onset_plus_coda_tail,3,,Ġk ve ur,reject,not_one_gpt2_token;token_surface_mismatch
mniab,old_onset_plus_coda_tail,3,,Ġm ni ab,reject,not_one_gpt2_token;token_surface_mismatch
mnias,old_onset_plus_coda_tail,3,,Ġm n ias,reject,not_one_gpt2_token;token_surface_mismatch;suffix_like;edit_distance_1_from_lexicon
mniav,old_onset_plus_coda_tail,3,,Ġm nia v,reject,not_one_gpt2_token;token_surface_mismatch
mnied,old_onset_plus_coda_tail,3,,Ġm n ied,reject,not_one_gpt2_token;token_surface_mismatch;suffix_like
mnief,old_onset_plus_coda_tail,3,,Ġm n ief,reject,not_one_gpt2_token;token_surface_mismatch
mniek,old_onset_plus_coda_tail,3,,Ġm nie k,reject,not_one_gpt2_token;token_surface_mismatch;edit_distance_1_from_lexicon
mniel,old_onset_plus_coda_tail,3,,Ġm n iel,reject,not_one_gpt2_token;token_surface_mismatch
mniil,old_onset_plus_coda_tail,3,,Ġm ni il,reject,not_one_gpt2_token;token_surface_mismatch
mniim,old_onset_plus_coda_tail,3,,Ġm ni im,reject,not_one_gpt2_token;token_surface_mismatch;edit_distance_1_from_lexicon
mniin,old_onset_plus_coda_tail,3,,Ġm ni in,reject,not_one_gpt2_token;token_surface_mismatch
mniir,old_onset_plus_coda_tail,3,,Ġm ni ir,reject,not_one_gpt2_token;token_surface_mismatch
mniol,old_onset_plus_coda_tail,3,,Ġm n iol,reject,not_one_gpt2_token;token_surface_mismatch
mniom,old_onset_plus_coda_tail,3,,Ġm ni om,reject,not_one_gpt2_token;token_surface_mismatch;edit_distance_1_from_lexicon
mnior,old_onset_plus_coda_tail,3,,Ġm n ior,reject,not_one_gpt2_token;token_surface_mismatch
mniud,old_onset_plus_coda_tail,3,,Ġm ni ud,reject,not_one_gpt2_token;token_surface_mismatch;edit_distance_1_from_lexicon
mniul,old_onset_plus_coda_tail,3,,Ġm ni ul,reject,not_one_gpt2_token;token_surface_mismatch;edit_distance_1_from_lexicon
mniur,old_onset_plus_coda_tail,3,,Ġm ni ur,reject,not_one_gpt2_token;token_surface_mismatch;edit_distance_1_from_lexicon
ploab,old_onset_plus_coda_tail,3,,Ġpl o ab,reject,not_one_gpt2_token;token_surface_mismatch;edit_distance_1_from_lexicon
ploas,old_onset_plus_coda_tail,3,,Ġpl o as,reject,not_one_gpt2_token;token_surface_mismatch;suffix_like;edit_distance_1_from_lexicon
ploav,old_onset_plus_coda_tail,3,,Ġpl o av,reject,not_one_gpt2_token;token_surface_mismatch;edit_distance_1_from_lexicon
ploed,old_onset_plus_coda_tail,3,,Ġpl o ed,reject,not_one_gpt2_token;token_surface_mismatch;suffix_like;edit_distance_1_from_lexicon
ploef,old_onset_plus_coda_tail,3,,Ġpl o ef,reject,not_one_gpt2_token;token_surface_mismatch
ploek,old_onset_plus_coda_tail,3,,Ġpl o ek,reject,not_one_gpt2_token;token_surface_mismatch;edit_distance_1_from_lexicon
ploel,old_onset_plus_coda_tail,3,,Ġpl o el,reject,not_one_gpt2_token;token_surface_mismatch
ploil,old_onset_plus_coda_tail,2,,Ġpl oil,reject,not_one_gpt2_token;token_surface_mismatch;edit_distance_1_from_lexicon
ploim,old_onset_plus_coda_tail,3,,Ġpl o im,reject,not_one_gpt2_token;token_surface_mismatch;edit_distance_1_from_lexicon
ploin,old_onset_plus_coda_tail,2,,Ġpl oin,reject,not_one_gpt2_token;token_surface_mismatch;edit_distance_1_from_lexicon
ploir,old_onset_plus_coda_tail,2,,Ġpl oir,reject,not_one_gpt2_token;token_surface_mismatch;edit_distance_1_from_lexicon
plool,old_onset_plus_coda_tail,2,,Ġpl ool,reject,not_one_gpt2_token;token_surface_mismatch;edit_distance_1_from_lexicon
ploom,old_onset_plus_coda_tail,2,,Ġpl oom,reject,not_one_gpt2_token;token_surface_mismatch;edit_distance_1_from_lexicon
ploor,old_onset_plus_coda_tail,2,,Ġpl oor,reject,not_one_gpt2_token;token_surface_mismatch;edit_distance_1_from_lexicon
ploud,old_onset_plus_coda_tail,2,,Ġpl oud,reject,not_one_gpt2_token;token_surface_mismatch;edit_distance_1_from_lexicon
ploul,old_onset_plus_coda_tail,2,,Ġpl oul,reject,not_one_gpt2_token;token_surface_mismatch;edit_distance_1_from_lexicon
plour,old_onset_plus_coda_tail,2,,Ġpl our,reject,not_one_gpt2_token;token_surface_mismatch;edit_distance_1_from_lexicon
pneab,old_onset_plus_coda_tail,3,,Ġp ne ab,reject,not_one_gpt2_token;token_surface_mismatch
pneas,old_onset_plus_coda_tail,3,,Ġp ne as,reject,not_one_gpt2_token;token_surface_mismatch;suffix_like;edit_distance_1_from_lexicon
pneav,old_onset_plus_coda_tail,3,,Ġp ne av,reject,not_one_gpt2_token;token_surface_mismatch
pneed,old_onset_plus_coda_tail,2,,Ġp need,reject,not_one_gpt2_token;token_surface_mismatch;suffix_like;edit_distance_1_from_lexicon
pneef,old_onset_plus_coda_tail,3,,Ġp ne ef,reject,not_one_gpt2_token;token_surface_mismatch
pneek,old_onset_plus_coda_tail,3,,Ġp ne ek,reject,not_one_gpt2_token;token_surface_mismatch;edit_distance_1_from_lexicon
pneel,old_onset_plus_coda_tail,3,,Ġp ne el,reject,not_one_gpt2_token;token_surface_mismatch;edit_distance_1_from_lexicon
pneil,old_onset_plus_coda_tail,3,,Ġp ne il,reject,not_one_gpt2_token;token_surface_mismatch;edit_distance_1_from_lexicon
pneim,old_onset_plus_coda_tail,3,,Ġp ne im,reject,not_one_gpt2_token;token_surface_mismatch
pnein,old_onset_plus_coda_tail,3,,Ġp ne in,reject,not_one_gpt2_token;token_surface_mismatch
pneir,old_onset_plus_coda_tail,3,,Ġp ne ir,reject,not_one_gpt2_token;token_surface_mismatch
pneol,old_onset_plus_coda_tail,3,,Ġp ne ol,reject,not_one_gpt2_token;token_surface_mismatch
pneom,old_onset_plus_coda_tail,3,,Ġp ne om,reject,not_one_gpt2_token;token_surface_mismatch
pneor,old_onset_plus_coda_tail,3,,Ġp ne or,reject,not_one_gpt2_token;token_surface_mismatch
pneud,old_onset_plus_coda_tail,3,,Ġp ne ud,reject,not_one_gpt2_token;token_surface_mismatch
pneul,old_onset_plus_coda_tail,3,,Ġp ne ul,reject,not_one_gpt2_token;token_surface_mismatch;edit_distance_1_from_lexicon
pneur,old_onset_plus_coda_tail,3,,Ġp ne ur,reject,not_one_gpt2_token;token_surface_mismatch
skoab,old_onset_plus_coda_tail,3,,Ġsk o ab,reject,not_one_gpt2_token;token_surface_mismatch;edit_distance_1_from_lexicon
skoas,old_onset_plus_coda_tail,3,,Ġsk o as,reject,not_one_gpt2_token;token_surface_mismatch;suffix_like;edit_distance_1_from_lexicon
skoav,old_onset_plus_coda_tail,3,,Ġsk o av,reject,not_one_gpt2_token;token_surface_mismatch;edit_distance_1_from_lexicon
skoed,old_onset_plus_coda_tail,3,,Ġsk o ed,reject,not_one_gpt2_token;token_surface_mismatch;suffix_like;edit_distance_1_from_lexicon
skoef,old_onset_plus_coda_tail,3,,Ġsk o ef,reject,not_one_gpt2_token;token_surface_mismatch;edit_distance_1_from_lexicon
skoek,old_onset_plus_coda_tail,3,,Ġsk o ek,reject,not_one_gpt2_token;token_surface_mismatch;edit_distance_1_from_lexicon
skoel,old_onset_plus_coda_tail,3,,Ġsk o el,reject,not_one_gpt2_token;token_surface_mismatch;edit_distance_1_from_lexicon
skoil,old_onset_plus_coda_tail,2,,Ġsk oil,reject,not_one_gpt2_token;token_surface_mismatch;edit_distance_1_from_lexicon
skoim,old_onset_plus_coda_tail,3,,Ġsk o im,reject,not_one_gpt2_token;token_surface_mismatch;edit_distance_1_from_lexicon
skoin,old_onset_plus_coda_tail,2,,Ġsk oin,reject,not_one_gpt2_token;token_surface_mismatch;edit_distance_1_from_lexicon
skoir,old_onset_plus_coda_tail,2,,Ġsk oir,reject,not_one_gpt2_token;token_surface_mismatch;edit_distance_1_from_lexicon
skool,old_onset_plus_coda_tail,2,,Ġsk ool,reject,not_one_gpt2_token;token_surface_mismatch;edit_distance_1_from_lexicon
skoom,old_onset_plus_coda_tail,2,,Ġsk oom,reject,not_one_gpt2_token;token_surface_mismatch;edit_distance_1_from_lexicon
skoor,old_onset_plus_coda_tail,2,,Ġsk oor,reject,not_one_gpt2_token;token_surface_mismatch;edit_distance_1_from_lexicon
skoud,old_onset_plus_coda_tail,2,,Ġsk oud,reject,not_one_gpt2_token;token_surface_mismatch;edit_distance_1_from_lexicon
skoul,old_onset_plus_coda_tail,2,,Ġsk oul,reject,not_one_gpt2_token;token_surface_mismatch;edit_distance_1_from_lexicon
skour,old_onset_plus_coda_tail,2,,Ġsk our,reject,not_one_gpt2_token;token_surface_mismatch;edit_distance_1_from_lexicon
smeab,old_onset_plus_coda_tail,3,,Ġsm e ab,reject,not_one_gpt2_token;token_surface_mismatch;edit_distance_1_from_lexicon
smeas,old_onset_plus_coda_tail,2,,Ġsm eas,reject,not_one_gpt2_token;token_surface_mismatch;suffix_like;edit_distance_1_from_lexicon
smeav,old_onset_plus_coda_tail,3,,Ġsm e av,reject,not_one_gpt2_token;token_surface_mismatch;edit_distance_1_from_lexicon
smeed,old_onset_plus_coda_tail,2,,Ġsm eed,reject,not_one_gpt2_token;token_surface_mismatch;suffix_like;edit_distance_1_from_lexicon
smeef,old_onset_plus_coda_tail,3,,Ġsm e ef,reject,not_one_gpt2_token;token_surface_mismatch;edit_distance_1_from_lexicon
smeek,old_onset_plus_coda_tail,3,,Ġsm e ek,reject,not_one_gpt2_token;token_surface_mismatch;exact_dictionary_word;edit_distance_1_from_lexicon
smeel,old_onset_plus_coda_tail,3,,Ġsm e el,reject,not_one_gpt2_token;token_surface_mismatch;edit_distance_1_from_lexicon
smeil,old_onset_plus_coda_tail,3,,Ġsm e il,reject,not_one_gpt2_token;token_surface_mismatch;edit_distance_1_from_lexicon
smeim,old_onset_plus_coda_tail,3,,Ġsm e im,reject,not_one_gpt2_token;token_surface_mismatch
smein,old_onset_plus_coda_tail,3,,Ġsm e in,reject,not_one_gpt2_token;token_surface_mismatch;edit_distance_1_from_lexicon
smeir,old_onset_plus_coda_tail,3,,Ġsm e ir,reject,not_one_gpt2_token;token_surface_mismatch;edit_distance_1_from_lexicon
smeol,old_onset_plus_coda_tail,3,,Ġsm e ol,reject,not_one_gpt2_token;token_surface_mismatch;edit_distance_1_from_lexicon
smeom,old_onset_plus_coda_tail,3,,Ġsm e om,reject,not_one_gpt2_token;token_surface_mismatch
smeor,old_onset_plus_coda_tail,2,,Ġsm eor,reject,not_one_gpt2_token;token_surface_mismatch;edit_distance_1_from_lexicon
smeud,old_onset_plus_coda_tail,3,,Ġsm e ud,reject,not_one_gpt2_token;token_surface_mismatch
smeul,old_onset_plus_coda_tail,3,,Ġsm e ul,reject,not_one_gpt2_token;token_surface_mismatch;edit_distance_1_from_lexicon
smeur,old_onset_plus_coda_tail,2,,Ġsm eur,reject,not_one_gpt2_token;token_surface_mismatch;edit_distance_1_from_lexicon
tluab,old_onset_plus_coda_tail,3,,Ġt lu ab,reject,not_one_gpt2_token;token_surface_mismatch
tluas,old_onset_plus_coda_tail,3,,Ġt lu as,reject,not_one_gpt2_token;token_surface_mismatch;suffix_like
tluav,old_onset_plus_coda_tail,3,,Ġt lu av,reject,not_one_gpt2_token;token_surface_mismatch
tlued,old_onset_plus_coda_tail,3,,Ġt l ued,reject,not_one_gpt2_token;token_surface_mismatch;suffix_like;edit_distance_1_from_lexicon
tluef,old_onset_plus_coda_tail,4,,Ġt l ue f,reject,not_one_gpt2_token;token_surface_mismatch
tluek,old_onset_plus_coda_tail,4,,Ġt l ue k,reject,not_one_gpt2_token;token_surface_mismatch
tluel,old_onset_plus_coda_tail,3,,Ġt lu el,reject,not_one_gpt2_token;token_surface_mismatch
tluil,old_onset_plus_coda_tail,3,,Ġt lu il,reject,not_one_gpt2_token;token_surface_mismatch
tluim,old_onset_plus_coda_tail,3,,Ġt lu im,reject,not_one_gpt2_token;token_surface_mismatch
tluin,old_onset_plus_coda_tail,3,,Ġt lu in,reject,not_one_gpt2_token;token_surface_mismatch
tluir,old_onset_plus_coda_tail,3,,Ġt lu ir,reject,not_one_gpt2_token;token_surface_mismatch
tluol,old_onset_plus_coda_tail,3,,Ġt lu ol,reject,not_one_gpt2_token;token_surface_mismatch;edit_distance_1_from_lexicon
tluom,old_onset_plus_coda_tail,3,,Ġt lu om,reject,not_one_gpt2_token;token_surface_mismatch
tluor,old_onset_plus_coda_tail,3,,Ġt lu or,reject,not_one_gpt2_token;token_surface_mismatch;edit_distance_1_from_lexicon
tluud,old_onset_plus_coda_tail,3,,Ġt lu ud,reject,not_one_gpt2_token;token_surface_mismatch
tluul,old_onset_plus_coda_tail,3,,Ġt lu ul,reject,not_one_gpt2_token;token_surface_mismatch
tluur,old_onset_plus_coda_tail,3,,Ġt lu ur,reject,not_one_gpt2_token;token_surface_mismatch
vraab,old_onset_plus_coda_tail,3,,Ġv ra ab,reject,not_one_gpt2_token;token_surface_mismatch
vraas,old_onset_plus_coda_tail,3,,Ġv ra as,reject,not_one_gpt2_token;token_surface_mismatch;suffix_like
vraav,old_onset_plus_coda_tail,3,,Ġv ra av,reject,not_one_gpt2_token;token_surface_mismatch
vraed,old_onset_plus_coda_tail,3,,Ġv ra ed,reject,not_one_gpt2_token;token_surface_mismatch;suffix_like
vraef,old_onset_plus_coda_tail,3,,Ġv ra ef,reject,not_one_gpt2_token;token_surface_mismatch
vraek,old_onset_plus_coda_tail,3,,Ġv ra ek,reject,not_one_gpt2_token;token_surface_mismatch
vrael,old_onset_plus_coda_tail,2,,Ġv rael,reject,not_one_gpt2_token;token_surface_mismatch
vrail,old_onset_plus_coda_tail,2,,Ġv rail,reject,not_one_gpt2_token;token_surface_mismatch;edit_distance_1_from_lexicon
vraim,old_onset_plus_coda_tail,3,,Ġv ra im,reject,not_one_gpt2_token;token_surface_mismatch;edit_distance_1_from_lexicon
vrain,old_onset_plus_coda_tail,2,,Ġv rain,reject,not_one_gpt2_token;token_surface_mismatch;edit_distance_1_from_lexicon
vrair,old_onset_plus_coda_tail,3,,Ġv ra ir,reject,not_one_gpt2_token;token_surface_mismatch;edit_distance_1_from_lexicon
vraol,old_onset_plus_coda_tail,3,,Ġv ra ol,reject,not_one_gpt2_token;token_surface_mismatch
vraom,old_onset_plus_coda_tail,3,,Ġv ra om,reject,not_one_gpt2_token;token_surface_mismatch
vraor,old_onset_plus_coda_tail,3,,Ġv ra or,reject,not_one_gpt2_token;token_surface_mismatch
vraud,old_onset_plus_coda_tail,2,,Ġv raud,reject,not_one_gpt2_token;token_surface_mismatch;edit_distance_1_from_lexicon
vraul,old_onset_plus_coda_tail,3,,Ġv ra ul,reject,not_one_gpt2_token;token_surface_mismatch;edit_distance_1_from_lexicon
vraur,old_onset_plus_coda_tail,3,,Ġv ra ur,reject,not_one_gpt2_token;token_surface_mismatch
vreab,old_onset_plus_coda_tail,3,,Ġv re ab,reject,not_one_gpt2_token;token_surface_mismatch
vreas,old_onset_plus_coda_tail,3,,Ġv re as,reject,not_one_gpt2_token;token_surface_mismatch;suffix_like;edit_distance_1_from_lexicon
vreav,old_onset_plus_coda_tail,3,,Ġv re av,reject,not_one_gpt2_token;token_surface_mismatch
vreed,old_onset_plus_coda_tail,2,,Ġv reed,reject,not_one_gpt2_token;token_surface_mismatch;suffix_like;edit_distance_1_from_lexicon
vreef,old_onset_plus_coda_tail,3,,Ġv ree f,reject,not_one_gpt2_token;token_surface_mismatch;edit_distance_1_from_lexicon
vreek,old_onset_plus_coda_tail,2,,Ġv reek,reject,not_one_gpt2_token;token_surface_mismatch;edit_distance_1_from_lexicon
vreel,old_onset_plus_coda_tail,3,,Ġv re el,reject,not_one_gpt2_token;token_surface_mismatch;edit_distance_1_from_lexicon
vreil,old_onset_plus_coda_tail,3,,Ġv re il,reject,not_one_gpt2_token;token_surface_mismatch;edit_distance_1_from_lexicon
vreim,old_onset_plus_coda_tail,3,,Ġv re im,reject,not_one_gpt2_token;token_surface_mismatch;edit_distance_1_from_lexicon
vrein,old_onset_plus_coda_tail,3,,Ġv re in,reject,not_one_gpt2_token;token_surface_mismatch;edit_distance_1_from_lexicon
vreir,old_onset_plus_coda_tail,3,,Ġv re ir,reject,not_one_gpt2_token;token_surface_mismatch;edit_distance_1_from_lexicon
vreol,old_onset_plus_coda_tail,3,,Ġv re ol,reject,not_one_gpt2_token;token_surface_mismatch
vreom,old_onset_plus_coda_tail,3,,Ġv re om,reject,not_one_gpt2_token;token_surface_mismatch
vreor,old_onset_plus_coda_tail,3,,Ġv re or,reject,not_one_gpt2_token;token_surface_mismatch
vreud,old_onset_plus_coda_tail,3,,Ġv re ud,reject,not_one_gpt2_token;token_surface_mismatch
vreul,old_onset_plus_coda_tail,3,,Ġv re ul,reject,not_one_gpt2_token;token_surface_mismatch
vreur,old_onset_plus_coda_tail,3,,Ġv re ur,reject,not_one_gpt2_token;token_surface_mismatch
zloab,old_onset_plus_coda_tail,3,,Ġz lo ab,reject,not_one_gpt2_token;token_surface_mismatch
zloas,old_onset_plus_coda_tail,3,,Ġz lo as,reject,not_one_gpt2_token;token_surface_mismatch;suffix_like
zloav,old_onset_plus_coda_tail,3,,Ġz lo av,reject,not_one_gpt2_token;token_surface_mismatch
zloed,old_onset_plus_coda_tail,3,,Ġz lo ed,reject,not_one_gpt2_token;token_surface_mismatch;suffix_like;edit_distance_1_from_lexicon
zloef,old_onset_plus_coda_tail,3,,Ġz lo ef,reject,not_one_gpt2_token;token_surface_mismatch
zloek,old_onset_plus_coda_tail,3,,Ġz lo ek,reject,not_one_gpt2_token;token_surface_mismatch
zloel,old_onset_plus_coda_tail,3,,Ġz lo el,reject,not_one_gpt2_token;token_surface_mismatch
zloil,old_onset_plus_coda_tail,3,,Ġz lo il,reject,not_one_gpt2_token;token_surface_mismatch
zloim,old_onset_plus_coda_tail,3,,Ġz lo im,reject,not_one_gpt2_token;token_surface_mismatch
zloin,old_onset_plus_coda_tail,3,,Ġz lo in,reject,not_one_gpt2_token;token_surface_mismatch;edit_distance_1_from_lexicon
zloir,old_onset_plus_coda_tail,3,,Ġz lo ir,reject,not_one_gpt2_token;token_surface_mismatch;edit_distance_1_from_lexicon
zlool,old_onset_plus_coda_tail,3,,Ġz l ool,reject,not_one_gpt2_token;token_surface_mismatch
zloom,old_onset_plus_coda_tail,3,,Ġz l oom,reject,not_one_gpt2_token;token_surface_mismatch;edit_distance_1_from_lexicon
zloor,old_onset_plus_coda_tail,3,,Ġz l oor,reject,not_one_gpt2_token;token_surface_mismatch;edit_distance_1_from_lexicon
zloud,old_onset_plus_coda_tail,3,,Ġz l oud,reject,not_one_gpt2_token;token_surface_mismatch;edit_distance_1_from_lexicon
zloul,old_onset_plus_coda_tail,3,,Ġz l oul,reject,not_one_gpt2_token;token_surface_mismatch
zlour,old_onset_plus_coda_tail,3,,Ġz l our,reject,not_one_gpt2_token;token_surface_mismatch;edit_distance_1_from_lexicon
zraab,old_onset_plus_coda_tail,3,,Ġz ra ab,reject,not_one_gpt2_token;token_surface_mismatch
zraas,old_onset_plus_coda_tail,3,,Ġz ra as,reject,not_one_gpt2_token;token_surface_mismatch;suffix_like
zraav,old_onset_plus_coda_tail,3,,Ġz ra av,reject,not_one_gpt2_token;token_surface_mismatch
zraed,old_onset_plus_coda_tail,3,,Ġz ra ed,reject,not_one_gpt2_token;token_surface_mismatch;suffix_like
zraef,old_onset_plus_coda_tail,3,,Ġz ra ef,reject,not_one_gpt2_token;token_surface_mismatch
zraek,old_onset_plus_coda_tail,3,,Ġz ra ek,reject,not_one_gpt2_token;token_surface_mismatch
zrael,old_onset_plus_coda_tail,2,,Ġz rael,reject,not_one_gpt2_token;token_surface_mismatch
zrail,old_onset_plus_coda_tail,2,,Ġz rail,reject,not_one_gpt2_token;token_surface_mismatch;edit_distance_1_from_lexicon
zraim,old_onset_plus_coda_tail,3,,Ġz ra im,reject,not_one_gpt2_token;token_surface_mismatch
zrain,old_onset_plus_coda_tail,2,,Ġz rain,reject,not_one_gpt2_token;token_surface_mismatch;edit_distance_1_from_lexicon
zrair,old_onset_plus_coda_tail,3,,Ġz ra ir,reject,not_one_gpt2_token;token_surface_mismatch
zraol,old_onset_plus_coda_tail,3,,Ġz ra ol,reject,not_one_gpt2_token;token_surface_mismatch
zraom,old_onset_plus_coda_tail,3,,Ġz ra om,reject,not_one_gpt2_token;token_surface_mismatch
zraor,old_onset_plus_coda_tail,3,,Ġz ra or,reject,not_one_gpt2_token;token_surface_mismatch
zraud,old_onset_plus_coda_tail,2,,Ġz raud,reject,not_one_gpt2_token;token_surface_mismatch;edit_distance_1_from_lexicon
zraul,old_onset_plus_coda_tail,3,,Ġz ra ul,reject,not_one_gpt2_token;token_surface_mismatch;edit_distance_1_from_lexicon
zraur,old_onset_plus_coda_tail,3,,Ġz ra ur,reject,not_one_gpt2_token;token_surface_mismatch
